Wilayah,Komposit,Rasio Luas Lahan Pertanian,Rasio Sarana Pangan,Rasio Penduduk Miskin Desil 1,Desa Tanpa Akses Penghubung,Rasio Rumah Tangga Tanpa Air Bersih,Rasio Tenaga Kesehatan,IKP,IKP Ranking,
susukan - berta,5,0.08,0.02,0.18,1.00,0.01,0.09,64.80,156,
susukan - derik,4,0.06,0.02,0.21,1.00,0.17,0.08,59.38,260,
susukan - gumelem wetan,4,0.06,0.06,0.17,1.00,0.00,0.19,61.44,236,
susukan - gumelem kulon,4,0.06,0.09,0.15,1.00,0.19,0.16,61.48,234,
susukan - penarusan wetan,4,0.05,0.04,0.18,1.00,0.02,0.08,63.14,215,
susukan - penarusan kulon,4,0.09,0.02,0.20,1.00,0.31,0.07,60.01,256,
susukan - brengkok,5,0.03,0.05,0.14,1.00,0.03,0.04,64.63,165,
susukan - pekikiran,4,0.05,0.04,0.16,1.00,0.35,0.07,58.07,267,
susukan - piasa wetan,5,0.05,0.05,0.16,1.00,0.02,0.02,65.66,130,
susukan - karangsalam,4,0.04,0.04,0.13,1.00,0.00,0.07,64.21,176,
susukan - kemranggon,4,0.04,0.04,0.15,1.00,0.03,0.06,63.95,186,
susukan - susukan,4,0.05,0.04,0.14,1.00,0.14,0.05,63.15,214,
susukan - dermasari,4,0.05,0.03,0.19,1.00,0.04,0.03,63.67,194,
susukan - kedawung,5,0.02,0.09,0.16,1.00,0.00,0.05,65.07,150,
susukan - karangjati,4,0.02,0.05,0.17,1.00,0.00,0.04,62.46,224,
purworeja klampok - sirkandi,3,0.03,0.06,0.14,1.00,0.13,0.22,56.63,271,
purworeja klampok - pagak,4,0.02,0.05,0.24,1.00,0.02,0.07,59.34,261,
purworeja klampok - kecitran,4,0.02,0.06,0.13,1.00,0.01,0.09,62.70,221,
purworeja klampok - purwareja,5,0.02,0.14,0.09,1.00,0.02,0.06,68.82,57,
purworeja klampok - klampok,4,0.02,0.06,0.12,1.00,0.03,0.05,64.15,177,
purworeja klampok - kalilandak,5,0.03,0.04,0.12,1.00,0.01,0.04,65.14,146,
purworeja klampok - kalimandi,4,0.02,0.03,0.17,1.00,0.07,0.06,60.34,253,
purworeja klampok - kaliwinasuh,4,0.02,0.04,0.18,1.00,0.00,0.05,61.82,232,
mandiraja - jalatunda,4,0.09,0.03,0.13,1.00,0.09,0.13,64.05,182,
mandiraja - somawangi,5,0.05,0.04,0.09,1.00,0.01,0.14,64.66,163,
mandiraja - kaliwungu,5,0.09,0.04,0.13,1.00,0.09,0.10,65.74,127,
mandiraja - kebanaran,4,0.01,0.04,0.11,1.00,0.04,0.12,60.93,248,
mandiraja - glempang,4,0.06,0.04,0.14,1.00,0.01,0.14,63.50,202,
mandiraja - salamerta,4,0.04,0.03,0.12,1.00,0.14,0.11,61.23,241,
mandiraja - purwasaba,4,0.02,0.03,0.10,1.00,0.01,0.07,63.98,185,
mandiraja - blimbing,5,0.03,0.04,0.10,1.00,0.02,0.02,66.57,99,
mandiraja - panggisari,4,0.04,0.03,0.13,1.00,0.02,0.06,63.99,184,
mandiraja - candiwulan,4,0.02,0.03,0.12,1.00,0.05,0.03,63.82,189,
mandiraja - simbang,5,0.04,0.04,0.10,1.00,0.02,0.04,66.35,109,
mandiraja - kertayasa,5,0.04,0.04,0.13,1.00,0.01,0.07,64.55,166,
mandiraja - banjengan,5,0.03,0.03,0.10,1.00,0.01,0.02,66.20,118,
mandiraja - mandiraja kulon,5,0.02,0.08,0.08,1.00,0.00,0.03,67.91,70,
mandiraja - kebakalan,5,0.03,0.05,0.10,1.00,0.01,0.02,66.89,88,
mandiraja - mandiraja wetan,5,0.01,0.04,0.10,1.00,0.01,0.03,65.08,149,
purwanegara - kalitengah,4,0.10,0.02,0.20,1.00,0.18,0.19,58.71,266,
purwanegara - merden,4,0.05,0.04,0.10,1.00,0.09,0.21,60.43,252,
purwanegara - karanganyar,4,0.07,0.02,0.14,1.00,0.17,0.19,59.11,263,
purwanegara - kaliajir,4,0.08,0.03,0.19,1.00,0.07,0.19,59.57,257,
purwanegara - petir,4,0.13,0.03,0.13,1.00,0.17,0.27,61.43,237,
purwanegara - pucungbedug,4,0.06,0.05,0.18,1.00,0.01,0.17,61.20,242,
purwanegara - parakan,5,0.09,0.03,0.14,1.00,0.01,0.13,65.42,134,
purwanegara - mertasari,5,0.06,0.03,0.09,1.00,0.02,0.08,66.30,112,
purwanegara - danaraja,5,0.03,0.05,0.12,1.00,0.02,0.06,64.33,172,
purwanegara - purwonegoro,4,0.02,0.03,0.07,1.00,0.03,0.08,63.75,191,
purwanegara - kalipelus,4,0.03,0.03,0.13,1.00,0.02,0.05,63.68,193,
purwanegara - gumiwang,4,0.04,0.04,0.12,1.00,0.06,0.09,62.89,219,
purwanegara - kutawuluh,5,0.08,0.07,0.16,1.00,0.03,0.09,67.33,80,
bawang - wanadri,4,0.04,0.06,0.12,1.00,0.16,0.13,61.06,245,
bawang - kebondalem,5,0.12,0.07,0.12,1.00,0.05,0.23,66.52,102,
bawang - majalengka,4,0.10,0.06,0.19,1.00,0.15,0.15,63.19,211,
bawang - wiramastra,5,0.06,0.07,0.15,1.00,0.00,0.08,66.61,98,
bawang - kutayasa,6,0.13,0.03,0.09,1.00,0.04,0.09,71.73,24,
bawang - winong,4,0.04,0.03,0.15,1.00,0.06,0.08,61.85,230,
bawang - depok,6,0.17,0.05,0.10,1.00,0.08,0.05,76.01,6,
bawang - watuurip,6,0.16,0.07,0.17,1.00,0.22,0.08,70.54,38,
bawang - masaran,5,0.07,0.07,0.13,1.00,0.02,0.09,66.78,92,
bawang - serang,4,0.06,0.04,0.19,1.00,0.08,0.03,63.65,195,
bawang - mantrianom,5,0.04,0.05,0.12,1.00,0.06,0.07,64.79,158,
bawang - binorong,5,0.02,0.06,0.13,1.00,0.01,0.04,64.66,162,
bawang - joho,4,0.01,0.04,0.10,1.00,0.00,0.04,64.05,183,
bawang - bawang,5,0.02,0.04,0.08,1.00,0.02,0.07,65.00,152,
bawang - bandingan,5,0.01,0.11,0.09,1.00,0.01,0.03,67.74,71,
bawang - blambangan,5,0.03,0.04,0.06,1.00,0.00,0.08,66.37,108,
bawang - gemuruh,5,0.04,0.03,0.07,1.00,0.03,0.08,65.41,135,
bawang - pucang,5,0.03,0.06,0.10,1.00,0.00,0.08,65.30,139,
banjarnegara - argasoka,5,0.04,0.13,0.11,1.00,0.00,0.09,68.45,63,
banjarnegara - karangtengah,6,0.02,0.20,0.08,1.00,0.02,0.03,73.38,16,
banjarnegara - wangon,5,0.02,0.09,0.06,1.00,0.00,0.03,68.92,56,
banjarnegara - semampir,5,0.03,0.06,0.08,1.00,0.01,0.04,67.20,82,
banjarnegara - sokanandi,5,0.02,0.12,0.06,1.00,0.01,0.07,69.18,52,
banjarnegara - parakancanggah,5,0.00,0.07,0.06,1.00,0.02,0.05,65.56,131,
banjarnegara - semarang,6,0.00,0.17,0.09,1.00,0.01,0.02,70.75,35,
banjarnegara - krandegan,6,0.00,0.29,0.06,1.00,0.01,0.02,76.81,5,
banjarnegara - kutabanjarnegara,5,0.00,0.07,0.05,1.00,0.00,0.04,66.70,96,
banjarnegara - ampelsari,4,0.04,0.04,0.16,1.00,0.02,0.07,63.08,218,
banjarnegara - tlagawera,3,0.01,0.01,0.13,1.00,0.29,0.09,55.28,273,
banjarnegara - cendana,4,0.09,0.04,0.14,1.00,0.38,0.11,60.17,255,
banjarnegara - sokayasa,4,0.05,0.04,0.11,1.00,0.31,0.06,61.06,244,
sigaluh - kalibenda,5,0.04,0.05,0.09,1.00,0.00,0.03,68.17,68,
sigaluh - pringamba,5,0.10,0.06,0.17,1.00,0.02,0.14,66.47,103,
sigaluh - sawal,6,0.21,0.03,0.07,1.00,0.00,0.22,74.77,11,
sigaluh - panawaren,6,0.26,0.03,0.11,1.00,0.09,0.20,72.19,23,
sigaluh - tunggara,5,0.09,0.03,0.18,1.00,0.01,0.07,66.22,114,
sigaluh - randegan,6,0.08,0.09,0.12,1.00,0.00,0.04,71.55,27,
sigaluh - bojanegara,5,0.06,0.03,0.12,1.00,0.00,0.06,66.46,104,
sigaluh - bandingan,5,0.05,0.06,0.15,1.00,0.01,0.03,66.77,94,
sigaluh - prigi,4,0.04,0.06,0.10,1.00,0.06,0.14,63.43,205,
sigaluh - gembongan,5,0.03,0.05,0.11,1.00,0.06,0.07,64.24,174,
sigaluh - kemiri,4,0.08,0.05,0.11,1.00,0.40,0.06,62.28,226,
sigaluh - karangmangu,6,0.21,0.05,0.13,1.00,0.00,0.05,79.25,2,
sigaluh - wanacipta,5,0.03,0.03,0.14,1.00,0.02,0.01,64.52,167,
sigaluh - sigaluh,4,0.07,0.06,0.09,1.00,0.44,0.03,63.08,217,
sigaluh - singamerta,5,0.06,0.04,0.11,1.00,0.07,0.05,66.53,100,
madukara - kenteng,5,0.03,0.05,0.10,1.00,0.00,0.04,66.86,90,
madukara - rejasa,5,0.02,0.08,0.08,1.00,0.01,0.04,67.51,77,
madukara - limbangan,6,0.11,0.03,0.13,1.00,0.01,0.04,70.50,40,
madukara - penawangan,5,0.09,0.03,0.21,1.00,0.01,0.04,66.20,116,
madukara - talunamba,5,0.12,0.07,0.13,1.00,0.15,0.06,69.59,48,
madukara - madukara,5,0.03,0.05,0.10,1.00,0.00,0.06,65.92,123,
madukara - kutayasa,5,0.05,0.05,0.19,1.00,0.00,0.03,65.13,147,
madukara - pekauman,6,0.09,0.07,0.14,1.00,0.03,0.04,70.07,43,
madukara - pagelak,5,0.05,0.05,0.14,1.00,0.02,0.04,66.20,117,
madukara - dawuhan,5,0.07,0.04,0.14,1.00,0.09,0.08,65.01,151,
madukara - bantarwaru,5,0.04,0.05,0.13,1.00,0.04,0.06,64.79,157,
madukara - sered,4,0.07,0.02,0.14,1.00,0.18,0.05,63.28,209,
madukara - petambakan,5,0.06,0.08,0.07,1.00,0.16,0.06,67.54,76,
madukara - rakitan,5,0.07,0.04,0.13,1.00,0.06,0.07,65.94,121,
madukara - blitar,5,0.08,0.04,0.17,1.00,0.05,0.05,65.69,129,
madukara - kaliurip,5,0.09,0.05,0.09,1.00,0.11,0.13,66.53,101,
madukara - karanganyar,6,0.16,0.04,0.16,1.00,0.01,0.04,73.54,15,
madukara - gununggiana,4,0.12,0.02,0.17,1.00,0.39,0.08,61.31,239,
madukara - clapar,6,0.14,0.03,0.09,1.00,0.00,0.08,73.24,17,
madukara - pakelen,6,0.22,0.03,0.14,1.00,0.14,0.08,74.58,13,
banjarmangu - jenggawur,5,0.06,0.03,0.14,1.00,0.04,0.05,65.52,132,
banjarmangu - banjarkulon,5,0.06,0.04,0.19,1.00,0.00,0.04,65.31,138,
banjarmangu - banjarmangu,5,0.04,0.04,0.12,1.00,0.01,0.04,66.39,105,
banjarmangu - rejasari,5,0.06,0.04,0.17,1.00,0.01,0.04,65.15,145,
banjarmangu - kesenet,5,0.05,0.10,0.13,1.00,0.00,0.08,67.69,72,
banjarmangu - kalilunjar,5,0.08,0.04,0.14,1.00,0.01,0.09,66.34,110,
banjarmangu - sijeruk,5,0.11,0.03,0.13,1.00,0.02,0.09,68.70,59,
banjarmangu - kendaga,5,0.08,0.06,0.12,1.00,0.02,0.13,66.72,95,
banjarmangu - gripit,4,0.05,0.05,0.18,1.00,0.13,0.03,63.48,203,
banjarmangu - pekandangan,4,0.08,0.04,0.16,1.00,0.34,0.07,60.59,251,
banjarmangu - sigeblog,3,0.07,0.03,0.16,1.00,0.38,0.12,56.82,269,
banjarmangu - paseh,5,0.10,0.03,0.15,1.00,0.05,0.08,66.68,97,
banjarmangu - sipedang,5,0.10,0.03,0.14,1.00,0.03,0.14,65.82,125,
banjarmangu - sijenggung,5,0.13,0.04,0.14,1.00,0.17,0.08,68.37,65,
banjarmangu - beji,5,0.11,0.04,0.15,1.00,0.00,0.11,68.51,62,
banjarmangu - prendengan,5,0.09,0.07,0.16,1.00,0.14,0.10,65.27,141,
banjarmangu - majatengah,6,0.19,0.02,0.21,1.00,0.00,0.07,73.20,18,
wanadadi - kasilib,5,0.07,0.02,0.17,1.00,0.01,0.05,65.36,136,
wanadadi - tapen,4,0.02,0.05,0.13,1.00,0.02,0.07,63.57,199,
wanadadi - karangjambe,4,0.01,0.05,0.15,1.00,0.05,0.03,62.54,222,
wanadadi - wanadadi,5,0.02,0.07,0.09,1.00,0.02,0.07,65.73,128,
wanadadi - wanakarsa,4,0.04,0.04,0.14,1.00,0.05,0.06,63.38,206,
wanadadi - lemahjaya,4,0.06,0.05,0.17,1.00,0.00,0.12,63.58,196,
wanadadi - karangkemiri,4,0.04,0.02,0.22,1.00,0.00,0.06,60.85,249,
wanadadi - kandangwangi,4,0.06,0.04,0.21,1.00,0.07,0.11,60.96,246,
wanadadi - medayu,4,0.06,0.04,0.15,1.00,0.15,0.09,61.83,231,
wanadadi - linggasari,5,0.09,0.10,0.17,1.00,0.04,0.12,67.64,74,
wanadadi - gumingsir,5,0.07,0.06,0.16,1.00,0.01,0.05,67.20,83,
rakit - pingit,5,0.06,0.04,0.14,1.00,0.01,0.09,64.64,164,
rakit - situwangi,5,0.02,0.06,0.13,1.00,0.02,0.05,64.32,173,
rakit - gelang,5,0.02,0.05,0.11,1.00,0.04,0.04,64.95,153,
rakit - rakit,5,0.02,0.06,0.09,1.00,0.01,0.04,66.38,106,
rakit - adipasir,5,0.02,0.06,0.09,1.00,0.01,0.07,65.28,140,
rakit - bandingan,4,0.05,0.04,0.14,1.00,0.11,0.10,62.48,223,
rakit - kincang,5,0.04,0.05,0.12,1.00,0.03,0.08,64.75,160,
rakit - badamita,4,0.04,0.03,0.15,1.00,0.01,0.12,61.77,233,
rakit - tanjunganom,4,0.05,0.02,0.13,1.00,0.04,0.08,64.12,179,
rakit - luwung,5,0.03,0.06,0.10,1.00,0.01,0.06,66.20,115,
rakit - lengkong,4,0.05,0.06,0.13,1.00,0.02,0.13,63.84,188,
punggelan - sambong,5,0.08,0.03,0.15,1.00,0.01,0.12,64.92,154,
punggelan - danakerta,4,0.05,0.04,0.16,1.00,0.09,0.13,60.64,250,
punggelan - klapa,4,0.08,0.05,0.20,1.00,0.01,0.11,63.74,192,
punggelan - kecepit,5,0.06,0.05,0.09,1.00,0.01,0.10,66.79,91,
punggelan - karangsari,4,0.07,0.03,0.16,1.00,0.00,0.11,63.87,187,
punggelan - tribuana,4,0.07,0.03,0.16,1.00,0.07,0.09,63.57,198,
punggelan - sawangan,5,0.08,0.04,0.14,1.00,0.15,0.09,64.44,169,
punggelan - sidarata,5,0.06,0.06,0.14,1.00,0.04,0.08,65.93,122,
punggelan - badakarya,5,0.08,0.06,0.14,1.00,0.12,0.12,64.89,155,
punggelan - punggelan,4,0.01,0.06,0.09,1.00,0.04,0.18,60.23,254,
punggelan - jembangan,4,0.08,0.04,0.17,1.00,0.06,0.14,63.55,201,
punggelan - purwasana,4,0.09,0.04,0.09,1.00,0.26,0.15,63.19,212,
punggelan - petuguran,4,0.12,0.04,0.15,1.00,0.41,0.23,57.40,268,
punggelan - bondolharjo,4,0.07,0.03,0.15,1.00,0.14,0.13,61.45,235,
punggelan - tanjungtirta,4,0.11,0.04,0.23,1.00,0.08,0.15,62.80,220,
punggelan - tlaga,5,0.12,0.02,0.12,1.00,0.03,0.17,67.22,81,
punggelan - mlaya,6,0.20,0.05,0.18,1.00,0.13,0.15,71.13,30,
karangkobar - paweden,6,0.21,0.09,0.18,1.00,0.09,0.07,77.11,3,
karangkobar - gumelar,6,0.23,0.03,0.08,1.00,0.00,0.05,80.30,1,
karangkobar - purwodadi,5,0.06,0.03,0.15,1.00,0.01,0.04,66.31,111,
karangkobar - sampang,6,0.13,0.03,0.15,1.00,0.01,0.06,70.75,34,
karangkobar - slatri,5,0.14,0.02,0.18,1.00,0.00,0.08,69.53,50,
karangkobar - pagerpelah,6,0.14,0.03,0.10,1.00,0.01,0.07,72.54,22,
karangkobar - pasuruhan,4,0.17,0.02,0.43,1.00,0.00,0.06,63.29,208,
karangkobar - karanggondang,6,0.11,0.04,0.08,1.00,0.02,0.05,72.87,21,
karangkobar - jlegong,4,0.13,0.03,0.52,1.00,0.10,0.02,59.45,258,
karangkobar - ambal,4,0.09,0.05,0.16,1.00,0.43,0.05,61.31,240,
karangkobar - binangun,5,0.09,0.03,0.10,1.00,0.18,0.06,67.11,85,
karangkobar - karangkobar,5,0.03,0.06,0.08,1.00,0.08,0.05,65.87,124,
karangkobar - leksana,4,0.02,0.05,0.09,1.00,0.17,0.04,63.57,197,
pagentan - larangan,5,0.08,0.03,0.08,1.00,0.01,0.06,69.54,49,
pagentan - karangnangka,5,0.10,0.04,0.14,1.00,0.24,0.07,65.15,144,
pagentan - aribaya,6,0.12,0.03,0.07,1.00,0.13,0.08,70.71,36,
pagentan - nagasari,4,0.13,0.03,0.12,1.00,0.52,0.06,63.57,200,
pagentan - gumingsir,6,0.21,0.03,0.13,1.00,0.10,0.10,75.05,10,
pagentan - sokaraja,5,0.09,0.03,0.09,1.00,0.06,0.06,68.99,53,
pagentan - kayuares,6,0.12,0.04,0.14,1.00,0.01,0.05,70.80,32,
pagentan - metawana,5,0.10,0.04,0.10,1.00,0.09,0.06,68.92,55,
pagentan - kalitlaga,5,0.09,0.06,0.15,1.00,0.14,0.05,67.10,86,
pagentan - karekan,6,0.11,0.03,0.05,1.00,0.01,0.10,71.69,25,
pagentan - plumbungan,6,0.12,0.03,0.11,1.00,0.00,0.08,70.58,37,
pagentan - pagentan,4,0.06,0.05,0.14,1.00,0.04,0.10,64.14,178,
pagentan - kasmaran,5,0.13,0.04,0.10,1.00,0.23,0.10,68.03,69,
pagentan - majasari,6,0.11,0.03,0.06,1.00,0.02,0.11,70.92,31,
pagentan - babadan,5,0.10,0.04,0.12,1.00,0.01,0.11,68.31,67,
pagentan - tegaljeruk,5,0.10,0.04,0.14,1.00,0.01,0.12,67.55,75,
pejawaran - kalilunjar,6,0.12,0.03,0.17,1.00,0.01,0.04,70.23,42,
pejawaran - karangsari,5,0.06,0.04,0.10,1.00,0.12,0.05,66.16,119,
pejawaran - sarwodadi,6,0.20,0.03,0.12,1.00,0.13,0.19,71.45,28,
pejawaran - grogol,6,0.16,0.03,0.15,1.00,0.01,0.12,71.34,29,
pejawaran - giritirta,5,0.08,0.04,0.14,1.00,0.01,0.05,67.34,79,
pejawaran - biting,4,0.07,0.03,0.21,1.00,0.38,0.03,58.87,264,
pejawaran - tlahab,5,0.08,0.05,0.20,1.00,0.01,0.05,65.97,120,
pejawaran - darmayasa,4,0.11,0.03,0.15,1.00,0.39,0.11,60.93,247,
pejawaran - pejawaran,5,0.11,0.05,0.13,1.00,0.00,0.11,69.62,47,
pejawaran - penusupan,5,0.05,0.05,0.13,1.00,0.11,0.06,64.35,170,
pejawaran - ratamba,5,0.10,0.03,0.16,1.00,0.17,0.06,65.43,133,
pejawaran - sidengok,5,0.10,0.02,0.15,1.00,0.08,0.08,66.77,93,
pejawaran - pegundungan,6,0.20,0.05,0.17,1.00,0.09,0.08,74.75,12,
pejawaran - beji,6,0.16,0.07,0.16,1.00,0.02,0.05,75.50,8,
pejawaran - semangkung,6,0.11,0.06,0.17,1.00,0.00,0.05,69.98,45,
pejawaran - condongcampur,5,0.10,0.04,0.15,1.00,0.01,0.07,68.61,60,
pejawaran - gembol,4,0.06,0.06,0.14,1.00,0.22,0.05,63.78,190,
batur - batur,4,0.05,0.03,0.10,1.00,0.02,0.28,59.23,262,
batur - sumberejo,5,0.08,0.03,0.13,1.00,0.03,0.16,64.24,175,
batur - pasurenan,5,0.10,0.07,0.18,1.00,0.00,0.06,68.77,58,
batur - pekasiran,5,0.12,0.02,0.16,1.00,0.01,0.17,65.21,143,
batur - kepakisan,4,0.13,0.04,0.17,1.00,0.37,0.21,58.80,265,
batur - bakal,4,0.08,0.04,0.16,1.00,0.00,0.19,63.14,216,
batur - karangtengah,5,0.05,0.03,0.10,1.00,0.01,0.13,64.67,161,
batur - dieng kulon,6,0.03,0.22,0.08,1.00,0.00,0.08,73.56,14,
wanayasa - karangtengah,5,0.12,0.04,0.20,1.00,0.01,0.07,68.33,66,
wanayasa - suwidak,3,0.12,0.04,0.23,1.00,0.68,0.12,53.77,276,
wanayasa - bantar,5,0.13,0.06,0.23,1.00,0.26,0.08,64.35,171,
wanayasa - pandansari,4,0.08,0.06,0.20,1.00,0.00,0.13,64.06,181,
wanayasa - pagergunung,6,0.13,0.04,0.16,1.00,0.02,0.07,70.54,39,
wanayasa - dawuhan,4,0.05,0.03,0.20,1.00,0.03,0.06,62.09,228,
wanayasa - kubang,5,0.05,0.08,0.16,1.00,0.04,0.10,64.49,168,
wanayasa - susukan,4,0.08,0.05,0.25,1.00,0.05,0.08,62.16,227,
wanayasa - wanayasa,5,0.08,0.06,0.17,1.00,0.00,0.15,64.76,159,
wanayasa - pesantren,4,0.07,0.05,0.17,1.00,0.26,0.07,61.42,238,
wanayasa - balun,5,0.11,0.03,0.17,1.00,0.00,0.14,65.81,126,
wanayasa - tempuran,6,0.18,0.04,0.16,1.00,0.14,0.14,70.04,44,
wanayasa - wanaraja,3,0.13,0.03,0.17,1.00,0.03,0.45,56.67,270,
wanayasa - jatilawang,3,0.09,0.07,0.15,1.00,0.53,0.27,53.26,277,
wanayasa - legoksayem,6,0.14,0.02,0.18,1.00,0.00,0.05,70.78,33,
wanayasa - kasimpar,5,0.12,0.05,0.08,1.00,0.00,0.19,69.39,51,
wanayasa - penanggungan,5,0.35,0.03,0.14,1.00,0.02,0.29,69.64,46,
kalibening - kalibening,5,0.06,0.09,0.09,1.00,0.01,0.14,67.64,73,
kalibening - asinan,6,0.19,0.04,0.20,1.00,0.03,0.09,73.05,20,
kalibening - sembawa,6,0.14,0.04,0.14,1.00,0.03,0.07,71.62,26,
kalibening - kalibombong,4,0.05,0.03,0.09,1.00,0.04,0.14,63.25,210,
kalibening - majatengah,4,0.03,0.03,0.13,1.00,0.01,0.12,62.29,225,
kalibening - kalisat kidul,5,0.14,0.02,0.19,1.00,0.15,0.12,65.11,148,
kalibening - sirukem,5,0.09,0.05,0.22,1.00,0.00,0.04,66.87,89,
kalibening - kertosari,6,0.15,0.04,0.09,1.00,0.02,0.10,73.19,19,
kalibening - sidakangen,5,0.08,0.05,0.09,1.00,0.01,0.11,68.44,64,
kalibening - sikumpul,5,0.09,0.03,0.13,1.00,0.05,0.09,66.23,113,
kalibening - gununglangit,5,0.09,0.04,0.15,1.00,0.00,0.08,67.17,84,
kalibening - bedana,6,0.20,0.03,0.11,1.00,0.05,0.08,76.83,4,
kalibening - sirukun,6,0.11,0.03,0.11,1.00,0.01,0.07,70.34,41,
kalibening - karanganyar,4,0.06,0.02,0.16,1.00,0.08,0.06,63.33,207,
kalibening - plorengan,4,0.11,0.04,0.18,1.00,0.25,0.15,61.17,243,
kalibening - kasinoman,5,0.27,0.04,0.11,1.00,0.01,0.36,68.96,54,
pandanarum - pandanarum,5,0.15,0.04,0.13,1.00,0.01,0.25,67.42,78,
pandanarum - sinduaji,4,0.12,0.05,0.21,1.00,0.46,0.12,59.38,259,
pandanarum - pasegeran,4,0.12,0.03,0.13,1.00,0.01,0.26,63.45,204,
pandanarum - pingit lor,6,0.21,0.04,0.10,1.00,0.11,0.12,75.55,7,
pandanarum - lawen,5,0.09,0.07,0.07,1.00,0.05,0.16,68.53,61,
pandanarum - sirongge,4,0.09,0.05,0.13,1.00,0.06,0.21,63.18,213,
pandanarum - pringamba,6,0.21,0.03,0.13,1.00,0.02,0.13,75.23,9,
pandanarum - beji,5,0.13,0.02,0.13,1.00,0.04,0.17,66.38,107,
pagedongan - pagedongan,3,0.09,0.05,0.13,1.00,0.28,0.31,56.18,272,
pagedongan - gunungjati,4,0.14,0.08,0.15,1.00,0.43,0.14,64.08,180,
pagedongan - twelagiri,4,0.08,0.02,0.11,1.00,0.23,0.12,61.91,229,
pagedongan - kebutuhduwur,5,0.14,0.07,0.09,1.00,0.13,0.26,67.09,87,
pagedongan - kebutuhjurang,3,0.13,0.05,0.16,1.00,0.37,0.40,54.30,275,
pagedongan - pesangkalan,3,0.07,0.01,0.13,1.00,0.25,0.38,51.17,278,
pagedongan - duren,5,0.12,0.07,0.17,1.00,0.19,0.14,65.21,142,
pagedongan - lebakwangi,5,0.15,0.03,0.09,1.00,0.26,0.21,65.36,137,
pagedongan - gentansari,3,0.12,0.04,0.15,1.00,0.20,0.42,54.97,274,
