Kecamatan,Jala Tebar Produksi (Kg),Jala Tebar Nilai (Ribu Rupiah),Pancing Produksi (Kg),Pancing Nilai (Ribu Rupiah),Jaring Ingsang Produksi (Kg),Jaring Ingsang Nilai (Ribu Rupiah),Lainnya Produksi (Kg),Lainnya Nilai (Ribu Rupiah),Tahun
Susukan,8774.25,165469.35,16897.32,308728.1,2150.71,38183.39,7155.51,106864.82,2019
Purwareja Klampok,6652.57,125457.49,12811.41,234075.08,1630.65,28950.33,5425.25,81024.02,2019
Mandiraja,24266.4,457628.18,46731.85,853829.87,5948.08,105601.41,19789.53,295549.31,2019
Purwanegara,16119.51,303989.99,31042.7,567176.04,3951.15,70148.15,13145.65,196325.4,2019
Bawang,4413.15,83225.42,8498.77,155279.67,155986.61,2769367.1,79066.16,1180823.76,2019
Banjarnegara,8343.11,157338.57,16067.02,293557.91,2045.03,36307.15,6803.9,101613.73,2019
Pagedongan,2609.62,49213.51,6040.99,110373.89,639.66,11356.42,2128.17,31783.49,2019
Sigaluh,3720.57,70164.5,7165.02,130910.96,911.97,16191.03,3034.17,45314.23,2019
Madukara,3942.75,74354.31,7592.88,138728.19,966.43,17157.86,3215.35,48020.13,2019
Banjarmangu,7053.38,133016.16,13583.28,248177.84,1728.89,30694.56,5752.11,85905.63,2019
Wanadadi,19735.51,372182.34,38006.34,694407.42,305535.18,5424434.16,162589.66,2428216.28,2019
Rakit,13366.12,252065.21,25740.27,470296.24,3276.25,58166.09,10900.23,162790.9,2019
Punggelan,5241.02,98837.83,10093.07,184408.86,1284.66,22807.63,4274.11,63832.28,2019
Karangkobar,2444.07,46091.46,4706.75,85996.15,599.08,10635.98,1993.16,29767.18,2019
Pagentan,2836.16,53485.81,5461.84,99792.32,695.19,12342.28,2312.92,34542.66,2019
Pejawaran,1302.63,24565.68,2508.59,45833.96,319.3,5668.73,1062.31,15865.21,2019
Batur,623,11748.8,3317,60604.29,152.71,2711.13,508.06,7587.71,2019
Wanayasa,4199.79,79201.72,8087.88,147772.35,1029.43,18276.44,3424.97,51150.73,2019
Kalibening,4753.08,89635.97,9153.4,167240.29,1165.05,20684.23,3876.19,57889.46,2019
Pandanarum,2718.53,51267.5,5235.31,95653.47,666.36,11830.39,2217,33110.01,2019
Susukan,10430,212543.4,19141,381216.2,2347,49583.5,6977,146129.7,2020
Purwareja Klampok,7908,161148.7,14513,289035,1779,37593.8,5290,110794.3,2020
Mandiraja,28846,587817.9,52937,1054305.7,6491,137130,19297,404141.7,2020
Purwanegara,19162,390471.5,35165,700346.7,4312,91091.8,12818,268460.4,2020
Bawang,5246,106902,9627,191738.7,172757,3773969.4,85510,1057504.4,2020
Banjarnegara,9918,202099.5,18202,362484.1,2232,47147.1,6635,138949.2,2020
Pagedongan,3102,63214,6928,137999.4,698,14747,2075,43461.6,2020
Sigaluh,4423,90125.5,8116,161648.3,995,21025.1,2959,61963.8,2020
Madukara,4687,95507.2,8601,171301,1055,22280.6,3135,65664,2020
Banjarmangu,8385,170857.7,15387,306449,1887,39858.8,5609,117469.6,2020
Wanadadi,23460,478063.8,43053,857451.5,338339,7389055.8,174871,2238812.4,2020
Rakit,15889,323774.8,29158,580719.9,3575,75532.3,10629,222604.5,2020
Punggelan,6230,126956,11433,227707.3,1402,29617.1,4168,87285.9,2020
Karangkobar,2905,59203.9,5332,106187.7,654,13811.5,1944,40704.4,2020
Pagentan,3371,68701.9,6187,123223.2,759,16027.2,2255,47234.5,2020
Pejawaran,1548,31554.3,2842,56595.6,348,7361.2,1036,21694.5,2020
Batur,741,15091.2,3935,78399.8,167,3520.6,495,10375.6,2020
Wanayasa,4992,101733.7,9162,182468.7,1123,23733.1,3340,69944.8,2020
Kalibening,5650,115136.3,10369,206507.6,1271,26859.8,3780,79159.5,2020
Pandanarum,3232,65852.5,5930,118112.5,727,15362.5,2162,45275.5,2020
Susukan,11852,238397.6,18159,339918.1,0,0,6672,138506.6,2021
Purwareja Klampok,8986,180751.1,13768,257723,0,0,5059,105014.5,2021
Mandiraja,33684,659321.3,49315,940090,0,0,18452,383058.9,2021
Purwanegara,22376,437969.2,32759,624476.3,0,0,12257,254455.7,2021
Bawang,7252,143673.2,16708,296507.7,125694,2185896.5,90015,69664.1,2021
Banjarnegara,11581,226683.3,16956,323215.3,0,0,6344,131700.7,2021
Pagedongan,3701,72430.7,6605,126944.5,0,0,1984,41194.3,2021
Sigaluh,5165,101088.5,7561,144136.5,0,0,2829,58731.4,2021
Madukara,5473,107124.9,8013,152743.5,0,0,2998,62238.5,2021
Banjarmangu,9791,191641.1,14334,273250.6,0,0,5363,111341.5,2021
Wanadadi,29581,582353,55132,1008257.9,243996,4295622.5,183227,311536.3,2021
Rakit,18554,363159.4,27163,517809,0,0,10164,210991.9,2021
Punggelan,7275,142399.2,10651,203039.2,0,0,3985,82732.5,2021
Karangkobar,3393,66405.6,4967,94684.1,0,0,1858,38581,2021
Pagentan,3937,77058.9,5764,109874.1,0,0,2157,44770.4,2021
Pejawaran,1808,35392.65,2647,50464.4,0,0,991,20562.8,2021
Batur,1030,20111.9,3982,78047.3,0,0,474,9834.4,2021
Wanayasa,5830,114108.7,8535,162701.4,0,0,3194,66296,2021
Kalibening,6598,129141.7,9659,184136.1,0,0,3614,75030,2021
Pandanarum,3774,73862.9,5525,105317.1,0,0,2067,42913.6,2021
Susukan,9151,177839.7,8965,168886.6,,,3958,82044.7,2022
Purwareja Klampok,6938,134836.6,6797,128048.4,,,3001,62205.6,2022
Mandiraja,25309,491840.2,24793,467079,,,10946,226905.7,2022
Purwanegara,16812,326716.1,16469,310268,,,7271,150727.3,2022
Bawang,5413,106438.6,9852,197255.4,84533,1477286.4,67978,833108,2022
Banjarnegara,8701,169101.1,8524,160587.9,,,3763,78013.2,2022
Pagedongan,2779,54043.1,3690,70743.4,,,1177,24401.5,2022
Sigaluh,3880,75410,3801,71613.5,,,1678,34789.5,2022
Madukara,4112,79913,4028,75889.9,,,1778,36867.1,2022
Banjarmangu,7356,142960.4,7206,135763.2,,,3181,65953.4,2022
Wanadadi,22155,432989.7,30535,597884.4,164094,2867673.6,136994,1721644.8,2022
Rakit,13940,270909.5,13656,257270.8,,,6029,124981.5,2022
Punggelan,5466,106226.9,5355,100879,,,2364,49006.7,2022
Karangkobar,2549,49537.2,2496,47043.3,,,1102,22853.5,2022
Pagentan,2958,57484.4,2898,54590.4,,,1279,26519.9,2022
Pejawaran,1359,26402.2,1331,25073,,,588,12180.4,2022
Batur,771,15025.7,2772,53326.5,,,281,5825.4,2022
Wanayasa,4380,85122.8,4291,80837.4,,,1894,39270.6,2022
Kalibening,4957,96337.1,4856,91487.1,,,2144,44444.2,2022
Pandanarum,2835,55100.2,2777,52326.4,,,1226,25420,2022
Susukan,10291.33,201359.32,8380.33,163968.82,0,0,8083.59,158162.91,2023
Purwareja Klampok,7802.8,152668.97,6353.9,124319.8,0,0,6128.91,119917.81,2023
Mandiraja,28768.09,562873.97,22570.95,441621.29,0,0,22656.29,443290.99,2023
Purwanegara,19208.59,375833.71,15093.82,295324.39,0,0,14850.68,290567.05,2023
Bawang,12788.79,287842.23,15244.62,343116.58,44543.4,1002555.66,30017.97,675626.17,2023
Banjarnegara,9785.64,191464.99,7968.54,155911.77,0,0,7686.39,150391.15,2023
Pagedongan,3139.89,59513.02,3794.4,71918.51,0,0,2404.2,45568.98,2023
Sigaluh,4363.87,85383.03,3553.54,69528.22,0,0,3427.71,67066.32,2023
Madukara,4624.45,90481.61,3765.73,73680.04,0,0,3632.4,71071.13,2023
Banjarmangu,8372.91,163823.69,6636.71,129853.33,0,0,6498.17,127142.72,2023
Wanadadi,37925.2,837306.28,39622.88,874787.24,86766.6,1915618.45,68896.84,1521092.97,2023
Rakit,15677.14,306737.65,12766.05,249779.4,0,0,12314.02,240935.06,2023
Punggelan,6147.2,120275.55,5005.72,97941.53,0,0,4828.48,94473.56,2023
Karangkobar,2866.65,56088.6,2334.34,45673.48,0,0,2251.68,44056.25,2023
Pagentan,3326.54,65086.77,2708.83,53000.78,0,0,2612.92,51124.1,2023
Pejawaran,1527.86,29893.92,1244.15,24342.91,0,0,1200.1,23480.96,2023
Batur,895.65,17660.56,3311.09,65288.44,0,0,573.96,11317.38,2023
Wanayasa,4925.93,96380.41,4011.24,78483.49,0,0,3869.2,75704.5,2023
Kalibening,5574.89,109077.83,4539.69,88823.12,0,0,4378.94,85678.01,2023
Pandanarum,3188.57,62387.32,2596.48,50802.59,0,0,2504.55,49003.74,2023
Susukan,0,0,0,0,0,0,0,0,2024
Purwareja Klampok,34109,698541.02,0,0,0,0,0,0,2024
Mandiraja,32465,662823.85,0,0,0,0,0,0,2024
Purwanegara,0,0,0,0,0,0,45329,890928.45,2024
Bawang,0,0,31602,717578.92,0,0,2118,48805,2024
Banjarnegara,0,0,0,0,0,0,0,0,2024
Pagedongan,0,0,0,0,0,0,0,0,2024
Sigaluh,0,0,43309,990512.51,0,0,0,0,2024
Madukara,0,0,0,0,0,0,0,0,2024
Banjarmangu,0,0,0,0,0,0,0,0,2024
Wanadadi,9122,204114,0,0,103344,2049283,66804,2053956,2024
Rakit,0,0,0,0,0,0,33606,659497.26,2024
Punggelan,0,0,0,0,0,0,0,0,2024
Karangkobar,0,0,0,0,0,0,0,0,2024
Pagentan,0,0,0,0,0,0,0,0,2024
Pejawaran,0,0,102021,2357078.04,0,0,0,0,2024
Batur,1011,21816,2944,65043,0,0,0,0,2024
Wanayasa,0,0,0,0,0,0,0,0,2024
Kalibening,33466,683925.55,0,0,0,0,34315,674312.02,2024
Pandanarum,0,0,0,0,0,0,0,0,2024
