Kecamatan,Kelompok,Jenis,Tahun,Produksi (Kg)
Banjarmangu,ternak,Sapi,2018,52609.2
Banjarmangu,ternak,Kerbau,2018,0
Banjarmangu,ternak,Babi,2018,0
Banjarmangu,ternak,Kambing,2018,7506.52
Banjarmangu,ternak,Domba,2018,158.71
Banjarmangu,ternak,Sapi,2019,54300.21
Banjarmangu,ternak,Kambing,2019,3906.34
Banjarmangu,ternak,Domba,2019,138.42
Banjarmangu,unggas,Ayam Ras Layer,2019,5783
Banjarmangu,unggas,Ayam Kampung,2019,56470
Banjarmangu,ternak,Sapi,2020,57682.23
Banjarmangu,ternak,Kerbau,2020,0
Banjarmangu,ternak,Babi,2020,0
Banjarmangu,ternak,Kambing,2020,7189.68
Banjarmangu,ternak,Domba,2020,176.84
Banjarmangu,unggas,Ayam Ras Layer,2020,41265
Banjarmangu,unggas,Ayam Kampung,2020,274903
Banjarmangu,ternak,Sapi,2021,71232.18
Banjarmangu,ternak,Kerbau,2021,0
Banjarmangu,ternak,Babi,2021,0
Banjarmangu,ternak,Kambing,2021,7686.52
Banjarmangu,ternak,Domba,2021,171.9
Banjarmangu,unggas,Ayam Ras Layer,2021,46089
Banjarmangu,unggas,Ayam Kampung,2021,38114
Banjarmangu,ternak,Sapi,2022,68033.57
Banjarmangu,ternak,Kerbau,2022,0
Banjarmangu,ternak,Babi,2022,0
Banjarmangu,ternak,Kambing,2022,7753.07
Banjarmangu,ternak,Domba,2022,199.85
Banjarmangu,unggas,Ayam Ras Layer,2022,0
Banjarmangu,unggas,Ayam Kampung,2022,46612.06
Banjarmangu,ternak,Sapi,2023,68634.06
Banjarmangu,ternak,Kambing,2023,4558.78
Banjarmangu,ternak,Domba,2023,303.46
Banjarmangu,unggas,Ayam Ras Layer,2023,928975.46
Banjarmangu,unggas,Ayam Kampung,2023,387011.57
Banjarmangu,ternak,Sapi,2024,60975.2
Banjarmangu,ternak,Kerbau,2024,0
Banjarmangu,ternak,Babi,2024,0
Banjarmangu,ternak,Kambing,2024,1653.75
Banjarmangu,ternak,Domba,2024,782.25
Banjarmangu,unggas,Ayam Ras Layer,2024,75
Banjarmangu,unggas,Ayam Kampung,2024,6370.05
Banjarnegara,ternak,Sapi,2018,669639.96
Banjarnegara,ternak,Kerbau,2018,0
Banjarnegara,ternak,Babi,2018,0
Banjarnegara,ternak,Kambing,2018,3533.14
Banjarnegara,ternak,Domba,2018,1460.15
Banjarnegara,ternak,Sapi,2019,620037
Banjarnegara,ternak,Kambing,2019,3127.33
Banjarnegara,ternak,Domba,2019,1213.17
Banjarnegara,unggas,Ayam Ras Layer,2019,5429
Banjarnegara,unggas,Ayam Kampung,2019,38429
Banjarnegara,ternak,Sapi,2020,596362.86
Banjarnegara,ternak,Kerbau,2020,0
Banjarnegara,ternak,Babi,2020,0
Banjarnegara,ternak,Kambing,2020,4680.72
Banjarnegara,ternak,Domba,2020,648.41
Banjarnegara,unggas,Ayam Ras Layer,2020,27858
Banjarnegara,unggas,Ayam Kampung,2020,62286
Banjarnegara,ternak,Sapi,2021,736452.56
Banjarnegara,ternak,Kerbau,2021,0
Banjarnegara,ternak,Babi,2021,0
Banjarnegara,ternak,Kambing,2021,5004.18
Banjarnegara,ternak,Domba,2021,630.31
Banjarnegara,unggas,Ayam Ras Layer,2021,62842
Banjarnegara,unggas,Ayam Kampung,2021,25731
Banjarnegara,ternak,Sapi,2022,720459.49
Banjarnegara,ternak,Kerbau,2022,0
Banjarnegara,ternak,Babi,2022,0
Banjarnegara,ternak,Kambing,2022,5057.42
Banjarnegara,ternak,Domba,2022,648.94
Banjarnegara,unggas,Ayam Ras Layer,2022,2335.34
Banjarnegara,unggas,Ayam Kampung,2022,30054.34
Banjarnegara,ternak,Sapi,2023,726818.61
Banjarnegara,ternak,Kambing,2023,2973.74
Banjarnegara,ternak,Domba,2023,985.4
Banjarnegara,unggas,Ayam Ras Layer,2023,202755.91
Banjarnegara,unggas,Ayam Kampung,2023,255488.72
Banjarnegara,ternak,Sapi,2024,619418.8
Banjarnegara,ternak,Kerbau,2024,0
Banjarnegara,ternak,Babi,2024,0
Banjarnegara,ternak,Kambing,2024,4207.5
Banjarnegara,ternak,Domba,2024,2878.68
Banjarnegara,unggas,Ayam Ras Layer,2024,2649.74
Banjarnegara,unggas,Ayam Kampung,2024,29329.3
Batur,ternak,Sapi,2018,76659.12
Batur,ternak,Kerbau,2018,0
Batur,ternak,Babi,2018,0
Batur,ternak,Kambing,2018,0
Batur,ternak,Domba,2018,6634.16
Batur,ternak,Sapi,2019,77786.46
Batur,ternak,Kambing,2019,203.22
Batur,ternak,Domba,2019,5451.34
Batur,unggas,Ayam Ras Layer,2019,0
Batur,unggas,Ayam Kampung,2019,2221
Batur,ternak,Sapi,2020,84362.61
Batur,ternak,Kerbau,2020,0
Batur,ternak,Babi,2020,0
Batur,ternak,Kambing,2020,0
Batur,ternak,Domba,2020,5403.15
Batur,unggas,Ayam Ras Layer,2020,799
Batur,unggas,Ayam Kampung,2020,0
Batur,ternak,Sapi,2021,104179.96
Batur,ternak,Kerbau,2021,0
Batur,ternak,Babi,2021,0
Batur,ternak,Kambing,2021,0
Batur,ternak,Domba,2021,5252.33
Batur,unggas,Ayam Ras Layer,2021,0
Batur,unggas,Ayam Kampung,2021,738
Batur,ternak,Sapi,2022,95650.33
Batur,ternak,Kerbau,2022,0
Batur,ternak,Babi,2022,0
Batur,ternak,Kambing,2022,0
Batur,ternak,Domba,2022,5266.31
Batur,unggas,Ayam Ras Layer,2022,0
Batur,unggas,Ayam Kampung,2022,0
Batur,ternak,Sapi,2023,96494.58
Batur,ternak,Kambing,2023,0
Batur,ternak,Domba,2023,7996.81
Batur,unggas,Ayam Ras Layer,2023,0
Batur,unggas,Ayam Kampung,2023,6676.29
Batur,ternak,Sapi,2024,93321.8
Batur,ternak,Kerbau,2024,0
Batur,ternak,Babi,2024,0
Batur,ternak,Kambing,2024,450
Batur,ternak,Domba,2024,6393.59
Batur,unggas,Ayam Ras Layer,2024,0
Batur,unggas,Ayam Kampung,2024,97.03
Bawang,ternak,Sapi,2018,50542.41
Bawang,ternak,Kerbau,2018,0
Bawang,ternak,Babi,2018,0
Bawang,ternak,Kambing,2018,3837.92
Bawang,ternak,Domba,2018,1999.77
Bawang,ternak,Sapi,2019,50730.3
Bawang,ternak,Kambing,2019,3432.16
Bawang,ternak,Domba,2019,1150.13
Bawang,unggas,Ayam Ras Layer,2019,5116
Bawang,unggas,Ayam Kampung,2019,38409
Bawang,ternak,Sapi,2020,55803.33
Bawang,ternak,Kerbau,2020,0
Bawang,ternak,Babi,2020,0
Bawang,ternak,Kambing,2020,4431.68
Bawang,ternak,Domba,2020,545.6
Bawang,unggas,Ayam Ras Layer,2020,27811
Bawang,unggas,Ayam Kampung,2020,193040
Bawang,ternak,Sapi,2021,68911.91
Bawang,ternak,Kerbau,2021,0
Bawang,ternak,Babi,2021,0
Bawang,ternak,Kambing,2021,4737.93
Bawang,ternak,Domba,2021,530.37
Bawang,unggas,Ayam Ras Layer,2021,54882
Bawang,unggas,Ayam Kampung,2021,25688
Bawang,ternak,Sapi,2022,65713.3
Bawang,ternak,Kerbau,2022,0
Bawang,ternak,Babi,2022,0
Bawang,ternak,Kambing,2022,4804.48
Bawang,ternak,Domba,2022,549
Bawang,unggas,Ayam Ras Layer,2022,2977.06
Bawang,unggas,Ayam Kampung,2022,29219.5
Bawang,ternak,Sapi,2023,66293.32
Bawang,ternak,Kambing,2023,2825.02
Bawang,ternak,Domba,2023,833.65
Bawang,unggas,Ayam Ras Layer,2023,649821.08
Bawang,unggas,Ayam Kampung,2023,260332.58
Bawang,ternak,Sapi,2024,65065
Bawang,ternak,Kerbau,2024,0
Bawang,ternak,Babi,2024,0
Bawang,ternak,Kambing,2024,4387.5
Bawang,ternak,Domba,2024,1647.94
Bawang,unggas,Ayam Ras Layer,2024,4269.63
Bawang,unggas,Ayam Kampung,2024,17283.87
Kalibening,ternak,Sapi,2018,45845.16
Kalibening,ternak,Kerbau,2018,0
Kalibening,ternak,Babi,2018,0
Kalibening,ternak,Kambing,2018,5339.22
Kalibening,ternak,Domba,2018,5142.27
Kalibening,ternak,Sapi,2019,49790.85
Kalibening,ternak,Kambing,2019,9291.67
Kalibening,ternak,Domba,2019,754.26
Kalibening,unggas,Ayam Ras Layer,2019,85
Kalibening,unggas,Ayam Kampung,2019,52602
Kalibening,ternak,Sapi,2020,41147.91
Kalibening,ternak,Kerbau,2020,0
Kalibening,ternak,Babi,2020,0
Kalibening,ternak,Kambing,2020,3481.4
Kalibening,ternak,Domba,2020,6072.82
Kalibening,unggas,Ayam Ras Layer,2020,30321
Kalibening,unggas,Ayam Kampung,2020,262386
Kalibening,ternak,Sapi,2021,50813.83
Kalibening,ternak,Kerbau,2021,0
Kalibening,ternak,Babi,2021,0
Kalibening,ternak,Kambing,2021,3721.98
Kalibening,ternak,Domba,2021,5903.31
Kalibening,unggas,Ayam Ras Layer,2021,16761
Kalibening,unggas,Ayam Kampung,2021,28048
Kalibening,ternak,Sapi,2022,42284.2
Kalibening,ternak,Kerbau,2022,0
Kalibening,ternak,Babi,2022,0
Kalibening,ternak,Kambing,2022,3761.91
Kalibening,ternak,Domba,2022,5931.25
Kalibening,unggas,Ayam Ras Layer,2022,0
Kalibening,unggas,Ayam Kampung,2022,32906.72
Kalibening,ternak,Sapi,2023,42657.42
Kalibening,ternak,Kambing,2023,2211.99
Kalibening,ternak,Domba,2023,9006.53
Kalibening,unggas,Ayam Ras Layer,2023,890270.02
Kalibening,unggas,Ayam Kampung,2023,285134.27
Kalibening,ternak,Sapi,2024,61718.8
Kalibening,ternak,Kerbau,2024,0
Kalibening,ternak,Babi,2024,0
Kalibening,ternak,Kambing,2024,5805
Kalibening,ternak,Domba,2024,5141.99
Kalibening,unggas,Ayam Ras Layer,2024,230.02
Kalibening,unggas,Ayam Kampung,2024,5103.09
Karangkobar,ternak,Sapi,2018,23298.36
Karangkobar,ternak,Kerbau,2018,0
Karangkobar,ternak,Babi,2018,0
Karangkobar,ternak,Kambing,2018,11660.5
Karangkobar,ternak,Domba,2018,3872.57
Karangkobar,ternak,Sapi,2019,20104.23
Karangkobar,ternak,Kambing,2019,5024.05
Karangkobar,ternak,Domba,2019,1581.26
Karangkobar,unggas,Ayam Ras Layer,2019,3939
Karangkobar,unggas,Ayam Kampung,2019,60182
Karangkobar,ternak,Sapi,2020,22171.02
Karangkobar,ternak,Kerbau,2020,0
Karangkobar,ternak,Babi,2020,0
Karangkobar,ternak,Kambing,2020,11035.27
Karangkobar,ternak,Domba,2020,2852.36
Karangkobar,unggas,Ayam Ras Layer,2020,43552
Karangkobar,unggas,Ayam Kampung,2020,325624
Karangkobar,ternak,Sapi,2021,27379.14
Karangkobar,ternak,Kerbau,2021,0
Karangkobar,ternak,Babi,2021,0
Karangkobar,ternak,Kambing,2021,11797.86
Karangkobar,ternak,Domba,2021,2772.74
Karangkobar,unggas,Ayam Ras Layer,2021,42272
Karangkobar,unggas,Ayam Kampung,2021,40214
Karangkobar,ternak,Sapi,2022,24180.53
Karangkobar,ternak,Kerbau,2022,0
Karangkobar,ternak,Babi,2022,0
Karangkobar,ternak,Kambing,2022,11864.41
Karangkobar,ternak,Domba,2022,2791.37
Karangkobar,unggas,Ayam Ras Layer,2022,0
Karangkobar,unggas,Ayam Kampung,2022,31237.04
Karangkobar,ternak,Sapi,2023,24393.96
Karangkobar,ternak,Kambing,2023,6976.23
Karangkobar,ternak,Domba,2023,4238.66
Karangkobar,unggas,Ayam Ras Layer,2023,371713.07
Karangkobar,unggas,Ayam Kampung,2023,414299.12
Karangkobar,ternak,Sapi,2024,30673.5
Karangkobar,ternak,Kerbau,2024,0
Karangkobar,ternak,Babi,2024,0
Karangkobar,ternak,Kambing,2024,2902.5
Karangkobar,ternak,Domba,2024,2263.31
Karangkobar,unggas,Ayam Ras Layer,2024,1034.15
Karangkobar,unggas,Ayam Kampung,2024,7444.19
Madukara,ternak,Sapi,2018,34383.87
Madukara,ternak,Kerbau,2018,0
Madukara,ternak,Babi,2018,0
Madukara,ternak,Kambing,2018,5892.34
Madukara,ternak,Domba,2018,454.97
Madukara,ternak,Sapi,2019,31565.52
Madukara,ternak,Kambing,2019,5204.69
Madukara,ternak,Domba,2019,451.41
Madukara,unggas,Ayam Ras Layer,2019,48283
Madukara,unggas,Ayam Kampung,2019,16677
Madukara,ternak,Sapi,2020,30626.07
Madukara,ternak,Kerbau,2020,0
Madukara,ternak,Babi,2020,0
Madukara,ternak,Kambing,2020,4938.78
Madukara,ternak,Domba,2020,732.27
Madukara,unggas,Ayam Ras Layer,2020,12287
Madukara,unggas,Ayam Kampung,2020,51661
Madukara,ternak,Sapi,2021,37820.34
Madukara,ternak,Kerbau,2021,0
Madukara,ternak,Babi,2021,0
Madukara,ternak,Kambing,2021,5280.07
Madukara,ternak,Domba,2021,711.83
Madukara,unggas,Ayam Ras Layer,2021,540454
Madukara,unggas,Ayam Kampung,2021,11350
Madukara,ternak,Sapi,2022,33555.52
Madukara,ternak,Kerbau,2022,0
Madukara,ternak,Babi,2022,0
Madukara,ternak,Kambing,2022,5333.31
Madukara,ternak,Domba,2022,739.77
Madukara,unggas,Ayam Ras Layer,2022,15262.41
Madukara,unggas,Ayam Kampung,2022,32698.01
Madukara,ternak,Sapi,2023,33851.7
Madukara,ternak,Kambing,2023,3135.97
Madukara,ternak,Domba,2023,1123.33
Madukara,unggas,Ayam Ras Layer,2023,124095.31
Madukara,unggas,Ayam Kampung,2023,110101.92
Madukara,ternak,Sapi,2024,46846.8
Madukara,ternak,Kerbau,2024,0
Madukara,ternak,Babi,2024,0
Madukara,ternak,Kambing,2024,4140
Madukara,ternak,Domba,2024,823.97
Madukara,unggas,Ayam Ras Layer,2024,4078.84
Madukara,unggas,Ayam Kampung,2024,12141.23
Mandiraja,ternak,Sapi,2018,24801.48
Mandiraja,ternak,Kerbau,2018,0
Mandiraja,ternak,Babi,2018,0
Mandiraja,ternak,Kambing,2018,6851.82
Mandiraja,ternak,Domba,2018,317.42
Mandiraja,ternak,Sapi,2019,27807.72
Mandiraja,ternak,Kambing,2019,4459.55
Mandiraja,ternak,Domba,2019,82.88
Mandiraja,unggas,Ayam Ras Layer,2019,23336
Mandiraja,unggas,Ayam Kampung,2019,88370
Mandiraja,ternak,Sapi,2020,34008.09
Mandiraja,ternak,Kerbau,2020,0
Mandiraja,ternak,Babi,2020,0
Mandiraja,ternak,Kambing,2020,5898.84
Mandiraja,ternak,Domba,2020,452.36
Mandiraja,unggas,Ayam Ras Layer,2020,65829
Mandiraja,unggas,Ayam Kampung,2020,844032
Mandiraja,ternak,Sapi,2021,41996.82
Mandiraja,ternak,Kerbau,2021,0
Mandiraja,ternak,Babi,2021,0
Mandiraja,ternak,Kambing,2021,6306.48
Mandiraja,ternak,Domba,2021,439.73
Mandiraja,unggas,Ayam Ras Layer,2021,566440
Mandiraja,unggas,Ayam Kampung,2021,60804
Mandiraja,ternak,Sapi,2022,36665.8
Mandiraja,ternak,Kerbau,2022,0
Mandiraja,ternak,Babi,2022,0
Mandiraja,ternak,Kambing,2022,6386.34
Mandiraja,ternak,Domba,2022,453.7
Mandiraja,unggas,Ayam Ras Layer,2022,4763.3
Mandiraja,unggas,Ayam Kampung,2022,43133.55
Mandiraja,ternak,Sapi,2023,36989.43
Mandiraja,ternak,Kambing,2023,3755.14
Mandiraja,ternak,Domba,2023,688.94
Mandiraja,unggas,Ayam Ras Layer,2023,1791602.28
Mandiraja,unggas,Ayam Kampung,2023,624744.21
Mandiraja,ternak,Sapi,2024,33276.1
Mandiraja,ternak,Kerbau,2024,0
Mandiraja,ternak,Babi,2024,0
Mandiraja,ternak,Kambing,2024,5490
Mandiraja,ternak,Domba,2024,1209.88
Mandiraja,unggas,Ayam Ras Layer,2024,10651.67
Mandiraja,unggas,Ayam Kampung,2024,28109.3
Pagedongan,ternak,Sapi,2018,11273.4
Pagedongan,ternak,Kerbau,2018,0
Pagedongan,ternak,Babi,2018,0
Pagedongan,ternak,Kambing,2018,3657.31
Pagedongan,ternak,Domba,2018,592.52
Pagedongan,ternak,Sapi,2019,15031.2
Pagedongan,ternak,Kambing,2019,1716.08
Pagedongan,ternak,Domba,2019,719.44
Pagedongan,unggas,Ayam Ras Layer,2019,3124
Pagedongan,unggas,Ayam Kampung,2019,15764
Pagedongan,ternak,Sapi,2020,13715.97
Pagedongan,ternak,Kerbau,2020,0
Pagedongan,ternak,Babi,2020,0
Pagedongan,ternak,Kambing,2020,1993.2
Pagedongan,ternak,Domba,2020,1557.65
Pagedongan,unggas,Ayam Ras Layer,2020,10311
Pagedongan,unggas,Ayam Kampung,2020,310685
Pagedongan,ternak,Sapi,2021,16937.94
Pagedongan,ternak,Kerbau,2021,0
Pagedongan,ternak,Babi,2021,0
Pagedongan,ternak,Kambing,2021,2130.94
Pagedongan,ternak,Domba,2021,1514.17
Pagedongan,unggas,Ayam Ras Layer,2021,68292
Pagedongan,unggas,Ayam Kampung,2021,9522
Pagedongan,ternak,Sapi,2022,12673.13
Pagedongan,ternak,Kerbau,2022,0
Pagedongan,ternak,Babi,2022,0
Pagedongan,ternak,Kambing,2022,2197.49
Pagedongan,ternak,Domba,2022,1537.46
Pagedongan,unggas,Ayam Ras Layer,2022,3307.85
Pagedongan,unggas,Ayam Kampung,2022,42437.85
Pagedongan,ternak,Sapi,2023,12784.99
Pagedongan,ternak,Kambing,2023,1292.12
Pagedongan,ternak,Domba,2023,2334.61
Pagedongan,unggas,Ayam Ras Layer,2023,3492695.18
Pagedongan,unggas,Ayam Kampung,2023,89192.35
Pagedongan,ternak,Sapi,2024,26583.7
Pagedongan,ternak,Kerbau,2024,0
Pagedongan,ternak,Babi,2024,0
Pagedongan,ternak,Kambing,2024,4230
Pagedongan,ternak,Domba,2024,354.62
Pagedongan,unggas,Ayam Ras Layer,2024,3544.67
Pagedongan,unggas,Ayam Kampung,2024,8036.88
Pagentan,ternak,Sapi,2018,42651.03
Pagentan,ternak,Kerbau,2018,0
Pagentan,ternak,Babi,2018,0
Pagentan,ternak,Kambing,2018,9120.7
Pagentan,ternak,Domba,2018,1227.37
Pagentan,ternak,Sapi,2019,45281.49
Pagentan,ternak,Kambing,2019,5283.72
Pagentan,ternak,Domba,2019,1360.4
Pagentan,unggas,Ayam Ras Layer,2019,469
Pagentan,unggas,Ayam Kampung,2019,52137
Pagentan,ternak,Sapi,2020,47348.28
Pagentan,ternak,Kerbau,2020,0
Pagentan,ternak,Babi,2020,0
Pagentan,ternak,Kambing,2020,8751.17
Pagentan,ternak,Domba,2020,566.17
Pagentan,unggas,Ayam Ras Layer,2020,37726
Pagentan,unggas,Ayam Kampung,2020,413234
Pagentan,ternak,Sapi,2021,58470.71
Pagentan,ternak,Kerbau,2021,0
Pagentan,ternak,Babi,2021,0
Pagentan,ternak,Kambing,2021,9355.91
Pagentan,ternak,Domba,2021,550.37
Pagentan,unggas,Ayam Ras Layer,2021,0
Pagentan,unggas,Ayam Kampung,2021,34847
Pagentan,ternak,Sapi,2022,54205.9
Pagentan,ternak,Kerbau,2022,0
Pagentan,ternak,Babi,2022,0
Pagentan,ternak,Kambing,2022,9422.47
Pagentan,ternak,Domba,2022,564.34
Pagentan,unggas,Ayam Ras Layer,2022,0
Pagentan,unggas,Ayam Kampung,2022,37567.93
Pagentan,ternak,Sapi,2023,54684.34
Pagentan,ternak,Kambing,2023,5540.38
Pagentan,ternak,Domba,2023,856.94
Pagentan,unggas,Ayam Ras Layer,2023,720108.76
Pagentan,unggas,Ayam Kampung,2023,354581.86
Pagentan,ternak,Sapi,2024,47218.6
Pagentan,ternak,Kerbau,2024,0
Pagentan,ternak,Babi,2024,0
Pagentan,ternak,Kambing,2024,1518.75
Pagentan,ternak,Domba,2024,500.64
Pagentan,unggas,Ayam Ras Layer,2024,758.87
Pagentan,unggas,Ayam Kampung,2024,985.76
Pandanarum,ternak,Sapi,2018,24237.81
Pandanarum,ternak,Kerbau,2018,0
Pandanarum,ternak,Babi,2018,0
Pandanarum,ternak,Kambing,2018,6817.95
Pandanarum,ternak,Domba,2018,42.32
Pandanarum,ternak,Sapi,2019,29498.73
Pandanarum,ternak,Kambing,2019,4933.73
Pandanarum,ternak,Domba,2019,84.64
Pandanarum,unggas,Ayam Ras Layer,2019,0
Pandanarum,unggas,Ayam Kampung,2019,26139
Pandanarum,ternak,Sapi,2020,31189.74
Pandanarum,ternak,Kerbau,2020,0
Pandanarum,ternak,Babi,2020,0
Pandanarum,ternak,Kambing,2020,7759.19
Pandanarum,ternak,Domba,2020,0
Pandanarum,unggas,Ayam Ras Layer,2020,33672
Pandanarum,unggas,Ayam Kampung,2020,119240
Pandanarum,ternak,Sapi,2021,38516.42
Pandanarum,ternak,Kerbau,2021,0
Pandanarum,ternak,Babi,2021,0
Pandanarum,ternak,Kambing,2021,8295.38
Pandanarum,ternak,Domba,2021,0
Pandanarum,unggas,Ayam Ras Layer,2021,0
Pandanarum,unggas,Ayam Kampung,2021,31101
Pandanarum,ternak,Sapi,2022,35317.81
Pandanarum,ternak,Kerbau,2022,0
Pandanarum,ternak,Babi,2022,0
Pandanarum,ternak,Kambing,2022,8361.94
Pandanarum,ternak,Domba,2022,93.14
Pandanarum,unggas,Ayam Ras Layer,2022,0
Pandanarum,unggas,Ayam Kampung,2022,44524.95
Pandanarum,ternak,Sapi,2023,35629.54
Pandanarum,ternak,Kambing,2023,4916.79
Pandanarum,ternak,Domba,2023,141.43
Pandanarum,unggas,Ayam Ras Layer,2023,404496.41
Pandanarum,unggas,Ayam Kampung,2023,318430.48
Pandanarum,ternak,Sapi,2024,43128.8
Pandanarum,ternak,Kerbau,2024,0
Pandanarum,ternak,Babi,2024,0
Pandanarum,ternak,Kambing,2024,3060
Pandanarum,ternak,Domba,2024,771.82
Pandanarum,unggas,Ayam Ras Layer,2024,470.24
Pandanarum,unggas,Ayam Kampung,2024,3046.28
Pejawaran,ternak,Sapi,2018,72337.65
Pejawaran,ternak,Kerbau,2018,0
Pejawaran,ternak,Babi,2018,0
Pejawaran,ternak,Kambing,2018,2438.21
Pejawaran,ternak,Domba,2018,2803.91
Pejawaran,ternak,Sapi,2019,71022.42
Pejawaran,ternak,Kambing,2019,1388.67
Pejawaran,ternak,Domba,2019,4053.86
Pejawaran,unggas,Ayam Ras Layer,2019,0
Pejawaran,unggas,Ayam Kampung,2019,8118
Pejawaran,ternak,Sapi,2020,77974.35
Pejawaran,ternak,Kerbau,2020,0
Pejawaran,ternak,Babi,2020,0
Pejawaran,ternak,Kambing,2020,3514.69
Pejawaran,ternak,Domba,2020,3509.3
Pejawaran,unggas,Ayam Ras Layer,2020,4258
Pejawaran,unggas,Ayam Kampung,2020,132923
Pejawaran,ternak,Sapi,2021,96291.06
Pejawaran,ternak,Kerbau,2021,0
Pejawaran,ternak,Babi,2021,0
Pejawaran,ternak,Kambing,2021,3757.57
Pejawaran,ternak,Domba,2021,3411.35
Pejawaran,unggas,Ayam Ras Layer,2021,0
Pejawaran,unggas,Ayam Kampung,2021,3933
Pejawaran,ternak,Sapi,2022,92026.24
Pejawaran,ternak,Kerbau,2022,0
Pejawaran,ternak,Babi,2022,0
Pejawaran,ternak,Kambing,2022,3850.74
Pejawaran,ternak,Domba,2022,3434.63
Pejawaran,unggas,Ayam Ras Layer,2022,0
Pejawaran,unggas,Ayam Kampung,2022,34924.26
Pejawaran,ternak,Sapi,2023,92838.51
Pejawaran,ternak,Kambing,2023,2264.22
Pejawaran,ternak,Domba,2023,5215.44
Pejawaran,unggas,Ayam Ras Layer,2023,452935.28
Pejawaran,unggas,Ayam Kampung,2023,30540.46
Pejawaran,ternak,Sapi,2024,83469.1
Pejawaran,ternak,Kerbau,2024,0
Pejawaran,ternak,Babi,2024,0
Pejawaran,ternak,Kambing,2024,1158.75
Pejawaran,ternak,Domba,2024,1501.92
Pejawaran,unggas,Ayam Ras Layer,2024,144.1
Pejawaran,unggas,Ayam Kampung,2024,1266.35
Punggelan,ternak,Sapi,2018,50354.52
Punggelan,ternak,Kerbau,2018,0
Punggelan,ternak,Babi,2018,0
Punggelan,ternak,Kambing,2018,12642.56
Punggelan,ternak,Domba,2018,677.17
Punggelan,ternak,Sapi,2019,76095.45
Punggelan,ternak,Kambing,2019,10883.56
Punggelan,ternak,Domba,2019,303.29
Punggelan,unggas,Ayam Ras Layer,2019,10479
Punggelan,unggas,Ayam Kampung,2019,40445
Punggelan,ternak,Sapi,2020,73464.99
Punggelan,ternak,Kerbau,2020,0
Punggelan,ternak,Babi,2020,0
Punggelan,ternak,Kambing,2020,15350.92
Punggelan,ternak,Domba,2020,278.38
Punggelan,unggas,Ayam Ras Layer,2020,34209
Punggelan,unggas,Ayam Kampung,2020,293314
Punggelan,ternak,Sapi,2021,90722.42
Punggelan,ternak,Kerbau,2021,0
Punggelan,ternak,Babi,2021,0
Punggelan,ternak,Kambing,2021,16411.74
Punggelan,ternak,Domba,2021,270.61
Punggelan,unggas,Ayam Ras Layer,2021,222054
Punggelan,unggas,Ayam Kampung,2021,31599
Punggelan,ternak,Sapi,2022,86457.6
Punggelan,ternak,Kerbau,2022,0
Punggelan,ternak,Babi,2022,0
Punggelan,ternak,Kambing,2022,16464.98
Punggelan,ternak,Domba,2022,289.24
Punggelan,unggas,Ayam Ras Layer,2022,6284.91
Punggelan,unggas,Ayam Kampung,2022,40211.6
Punggelan,ternak,Sapi,2023,87220.71
Punggelan,ternak,Kambing,2023,9681.35
Punggelan,ternak,Domba,2023,439.2
Punggelan,unggas,Ayam Ras Layer,2023,975954.31
Punggelan,unggas,Ayam Kampung,2023,320504.39
Punggelan,ternak,Sapi,2024,111168.2
Punggelan,ternak,Kerbau,2024,0
Punggelan,ternak,Babi,2024,0
Punggelan,ternak,Kambing,2024,8550
Punggelan,ternak,Domba,2024,250.32
Punggelan,unggas,Ayam Ras Layer,2024,5954.9
Punggelan,unggas,Ayam Kampung,2024,27782.98
Purwanegara,ternak,Sapi,2018,46972.5
Purwanegara,ternak,Kerbau,2018,0
Purwanegara,ternak,Babi,2018,0
Purwanegara,ternak,Kambing,2018,6547.04
Purwanegara,ternak,Domba,2018,306.84
Purwanegara,ternak,Sapi,2019,45093.6
Purwanegara,ternak,Kambing,2019,3127.33
Purwanegara,ternak,Domba,2019,52.9
Purwanegara,unggas,Ayam Ras Layer,2019,21320
Purwanegara,unggas,Ayam Kampung,2019,190255
Purwanegara,ternak,Sapi,2020,61252.14
Purwanegara,ternak,Kerbau,2020,0
Purwanegara,ternak,Babi,2020,0
Purwanegara,ternak,Kambing,2020,9536.34
Purwanegara,ternak,Domba,2020,544.8
Purwanegara,unggas,Ayam Ras Layer,2020,137668
Purwanegara,unggas,Ayam Kampung,2020,647303
Purwanegara,ternak,Sapi,2021,75640.69
Purwanegara,ternak,Kerbau,2021,0
Purwanegara,ternak,Babi,2021,0
Purwanegara,ternak,Kambing,2021,10195.34
Purwanegara,ternak,Domba,2021,529.59
Purwanegara,unggas,Ayam Ras Layer,2021,228746
Purwanegara,unggas,Ayam Kampung,2021,127159
Purwanegara,ternak,Sapi,2022,73508.28
Purwanegara,ternak,Kerbau,2022,0
Purwanegara,ternak,Babi,2022,0
Purwanegara,ternak,Kambing,2022,10275.2
Purwanegara,ternak,Domba,2022,543.56
Purwanegara,unggas,Ayam Ras Layer,2022,6086.44
Purwanegara,unggas,Ayam Kampung,2022,31306.61
Purwanegara,ternak,Sapi,2023,74157.1
Purwanegara,ternak,Kambing,2023,6041.78
Purwanegara,ternak,Domba,2023,825.39
Purwanegara,unggas,Ayam Ras Layer,2023,2181933.17
Purwanegara,unggas,Ayam Kampung,2023,1327046.98
Purwanegara,ternak,Sapi,2024,73802.3
Purwanegara,ternak,Kerbau,2024,0
Purwanegara,ternak,Babi,2024,0
Purwanegara,ternak,Kambing,2024,4972.5
Purwanegara,ternak,Domba,2024,1595.79
Purwanegara,unggas,Ayam Ras Layer,2024,6046.85
Purwanegara,unggas,Ayam Kampung,2024,43534.75
Purwareja Klampok,ternak,Sapi,2018,17473.77
Purwareja Klampok,ternak,Kerbau,2018,0
Purwareja Klampok,ternak,Babi,2018,0
Purwareja Klampok,ternak,Kambing,2018,4255.58
Purwareja Klampok,ternak,Domba,2018,10.58
Purwareja Klampok,ternak,Sapi,2019,17661.66
Purwareja Klampok,ternak,Kambing,2019,3127.33
Purwareja Klampok,ternak,Domba,2019,52.9
Purwareja Klampok,unggas,Ayam Ras Layer,2019,44511
Purwareja Klampok,unggas,Ayam Kampung,2019,63488
Purwareja Klampok,ternak,Sapi,2020,14091.75
Purwareja Klampok,ternak,Kerbau,2020,0
Purwareja Klampok,ternak,Babi,2020,0
Purwareja Klampok,ternak,Kambing,2020,3313.88
Purwareja Klampok,ternak,Domba,2020,45.02
Purwareja Klampok,unggas,Ayam Ras Layer,2020,45930
Purwareja Klampok,unggas,Ayam Kampung,2020,137936
Purwareja Klampok,ternak,Sapi,2021,17402
Purwareja Klampok,ternak,Kerbau,2021,0
Purwareja Klampok,ternak,Babi,2021,0
Purwareja Klampok,ternak,Kambing,2021,3542.88
Purwareja Klampok,ternak,Domba,2021,43.76
Purwareja Klampok,unggas,Ayam Ras Layer,2021,477620
Purwareja Klampok,unggas,Ayam Kampung,2021,42424
Purwareja Klampok,ternak,Sapi,2022,13137.18
Purwareja Klampok,ternak,Kerbau,2022,0
Purwareja Klampok,ternak,Babi,2022,0
Purwareja Klampok,ternak,Kambing,2022,3596.13
Purwareja Klampok,ternak,Domba,2022,67.05
Purwareja Klampok,unggas,Ayam Ras Layer,2022,6020.28
Purwareja Klampok,unggas,Ayam Kampung,2022,36872.23
Purwareja Klampok,ternak,Sapi,2023,13253.13
Purwareja Klampok,ternak,Kambing,2023,2114.51
Purwareja Klampok,ternak,Domba,2023,101.81
Purwareja Klampok,unggas,Ayam Ras Layer,2023,423491.63
Purwareja Klampok,unggas,Ayam Kampung,2023,433930.24
Purwareja Klampok,ternak,Sapi,2024,17288.7
Purwareja Klampok,ternak,Kerbau,2024,0
Purwareja Klampok,ternak,Babi,2024,0
Purwareja Klampok,ternak,Kambing,2024,5265
Purwareja Klampok,ternak,Domba,2024,938.7
Purwareja Klampok,unggas,Ayam Ras Layer,2024,2108.96
Purwareja Klampok,unggas,Ayam Kampung,2024,27507.96
Rakit,ternak,Sapi,2018,29874.51
Rakit,ternak,Kerbau,2018,0
Rakit,ternak,Babi,2018,0
Rakit,ternak,Kambing,2018,3397.69
Rakit,ternak,Domba,2018,317.42
Rakit,ternak,Sapi,2019,26868.27
Rakit,ternak,Kambing,2019,1648.34
Rakit,ternak,Domba,2019,176.77
Rakit,unggas,Ayam Ras Layer,2019,46469
Rakit,unggas,Ayam Kampung,2019,46630
Rakit,ternak,Sapi,2020,34008.99
Rakit,ternak,Kerbau,2020,0
Rakit,ternak,Babi,2020,0
Rakit,ternak,Kambing,2020,2833.27
Rakit,ternak,Domba,2020,194.14
Rakit,unggas,Ayam Ras Layer,2020,28697
Rakit,unggas,Ayam Kampung,2020,413511
Rakit,ternak,Sapi,2021,41997.93
Rakit,ternak,Kerbau,2021,0
Rakit,ternak,Babi,2021,0
Rakit,ternak,Kambing,2021,3029.06
Rakit,ternak,Domba,2021,188.72
Rakit,unggas,Ayam Ras Layer,2021,475945
Rakit,unggas,Ayam Kampung,2021,26507
Rakit,ternak,Sapi,2022,36666.91
Rakit,ternak,Kerbau,2022,0
Rakit,ternak,Babi,2022,0
Rakit,ternak,Kambing,2022,3122.23
Rakit,ternak,Domba,2022,207.35
Rakit,unggas,Ayam Ras Layer,2022,9923.54
Rakit,unggas,Ayam Kampung,2022,43133.55
Rakit,ternak,Sapi,2023,36990.55
Rakit,ternak,Kambing,2023,1835.86
Rakit,ternak,Domba,2023,314.86
Rakit,unggas,Ayam Ras Layer,2023,1362218.55
Rakit,unggas,Ayam Kampung,2023,270673.72
Rakit,ternak,Sapi,2024,40898
Rakit,ternak,Kerbau,2024,0
Rakit,ternak,Babi,2024,0
Rakit,ternak,Kambing,2024,3712.5
Rakit,ternak,Domba,2024,657.09
Rakit,unggas,Ayam Ras Layer,2024,20571.04
Rakit,unggas,Ayam Kampung,2024,30981.3
Sigaluh,ternak,Sapi,2018,25553.04
Sigaluh,ternak,Kerbau,2018,0
Sigaluh,ternak,Babi,2018,0
Sigaluh,ternak,Kambing,2018,3657.31
Sigaluh,ternak,Domba,2018,296.26
Sigaluh,ternak,Sapi,2019,29874.51
Sigaluh,ternak,Kambing,2019,2596.7
Sigaluh,ternak,Domba,2019,175.89
Sigaluh,unggas,Ayam Ras Layer,2019,3517
Sigaluh,unggas,Ayam Kampung,2019,39743
Sigaluh,ternak,Sapi,2020,13189.74
Sigaluh,ternak,Kerbau,2020,0
Sigaluh,ternak,Babi,2020,0
Sigaluh,ternak,Kambing,2020,3179.8
Sigaluh,ternak,Domba,2020,177.68
Sigaluh,unggas,Ayam Ras Layer,2020,28761
Sigaluh,unggas,Ayam Kampung,2020,35417
Sigaluh,ternak,Sapi,2021,16288.1
Sigaluh,ternak,Kerbau,2021,0
Sigaluh,ternak,Babi,2021,0
Sigaluh,ternak,Kambing,2021,3399.54
Sigaluh,ternak,Domba,2021,172.72
Sigaluh,unggas,Ayam Ras Layer,2021,37705
Sigaluh,unggas,Ayam Kampung,2021,26552
Sigaluh,ternak,Sapi,2022,10957.08
Sigaluh,ternak,Kerbau,2022,0
Sigaluh,ternak,Babi,2022,0
Sigaluh,ternak,Kambing,2022,3466.09
Sigaluh,ternak,Domba,2022,186.69
Sigaluh,unggas,Ayam Ras Layer,2022,0
Sigaluh,unggas,Ayam Kampung,2022,35202.54
Sigaluh,ternak,Sapi,2023,11053.79
Sigaluh,ternak,Kambing,2023,2038.05
Sigaluh,ternak,Domba,2023,283.49
Sigaluh,unggas,Ayam Ras Layer,2023,115497.45
Sigaluh,unggas,Ayam Kampung,2023,271142.48
Sigaluh,ternak,Sapi,2024,34949.2
Sigaluh,ternak,Kerbau,2024,0
Sigaluh,ternak,Babi,2024,0
Sigaluh,ternak,Kambing,2024,2463.75
Sigaluh,ternak,Domba,2024,260.75
Sigaluh,unggas,Ayam Ras Layer,2024,1113.17
Sigaluh,unggas,Ayam Kampung,2024,3936.86
Susukan,ternak,Sapi,2018,16910.1
Susukan,ternak,Kerbau,2018,0
Susukan,ternak,Babi,2018,0
Susukan,ternak,Kambing,2018,7517.81
Susukan,ternak,Domba,2018,0
Susukan,ternak,Sapi,2019,16534.32
Susukan,ternak,Kambing,2019,5306.3
Susukan,unggas,Ayam Ras Layer,2019,263
Susukan,unggas,Ayam Kampung,2019,119081
Susukan,ternak,Sapi,2020,18413.22
Susukan,ternak,Kerbau,2020,0
Susukan,ternak,Babi,2020,0
Susukan,ternak,Kambing,2020,8042.89
Susukan,ternak,Domba,2020,85.99
Susukan,unggas,Ayam Ras Layer,2020,95828
Susukan,unggas,Ayam Kampung,2020,138990
Susukan,ternak,Sapi,2021,22738.61
Susukan,ternak,Kerbau,2021,0
Susukan,ternak,Babi,2021,0
Susukan,ternak,Kambing,2021,8598.69
Susukan,ternak,Domba,2021,83.59
Susukan,unggas,Ayam Ras Layer,2021,7543
Susukan,unggas,Ayam Kampung,2021,88513
Susukan,ternak,Sapi,2022,19540
Susukan,ternak,Kerbau,2022,0
Susukan,ternak,Babi,2022,0
Susukan,ternak,Kambing,2022,8651.93
Susukan,ternak,Domba,2022,102.22
Susukan,unggas,Ayam Ras Layer,2022,926.2
Susukan,unggas,Ayam Kampung,2022,50090.57
Susukan,ternak,Sapi,2023,19712.47
Susukan,ternak,Kambing,2023,5087.3
Susukan,ternak,Domba,2023,155.22
Susukan,unggas,Ayam Ras Layer,2023,470888.06
Susukan,unggas,Ayam Kampung,2023,920361.67
Susukan,ternak,Sapi,2024,18218.2
Susukan,ternak,Kerbau,2024,0
Susukan,ternak,Babi,2024,0
Susukan,ternak,Kambing,2024,3217.5
Susukan,ternak,Domba,2024,636.23
Susukan,unggas,Ayam Ras Layer,2024,555.43
Susukan,unggas,Ayam Kampung,2024,28860.83
Wanadadi,ternak,Sapi,2018,58809.57
Wanadadi,ternak,Kerbau,2018,0
Wanadadi,ternak,Babi,2018,0
Wanadadi,ternak,Kambing,2018,1794.79
Wanadadi,ternak,Domba,2018,84.65
Wanadadi,ternak,Sapi,2019,60688.47
Wanadadi,ternak,Kambing,2019,2009.62
Wanadadi,ternak,Domba,2019,137.54
Wanadadi,unggas,Ayam Ras Layer,2019,0
Wanadadi,unggas,Ayam Kampung,2019,16273
Wanadadi,ternak,Sapi,2020,60312.69
Wanadadi,ternak,Kerbau,2020,0
Wanadadi,ternak,Babi,2020,0
Wanadadi,ternak,Kambing,2020,2339.52
Wanadadi,ternak,Domba,2020,69.4
Wanadadi,unggas,Ayam Ras Layer,2020,8746
Wanadadi,unggas,Ayam Kampung,2020,235313
Wanadadi,ternak,Sapi,2021,74480.55
Wanadadi,ternak,Kerbau,2021,0
Wanadadi,ternak,Babi,2021,0
Wanadadi,ternak,Kambing,2021,2501.19
Wanadadi,ternak,Domba,2021,67.46
Wanadadi,unggas,Ayam Ras Layer,2021,27654
Wanadadi,unggas,Ayam Kampung,2021,8066
Wanadadi,ternak,Sapi,2022,71281.94
Wanadadi,ternak,Kerbau,2022,0
Wanadadi,ternak,Babi,2022,0
Wanadadi,ternak,Kambing,2022,2594.36
Wanadadi,ternak,Domba,2022,81.43
Wanadadi,unggas,Ayam Ras Layer,2022,2381.65
Wanadadi,unggas,Ayam Kampung,2022,38959.33
Wanadadi,ternak,Sapi,2023,71911.11
Wanadadi,ternak,Kambing,2023,1525.48
Wanadadi,ternak,Domba,2023,123.66
Wanadadi,unggas,Ayam Ras Layer,2023,796723.88
Wanadadi,unggas,Ayam Kampung,2023,75683.53
Wanadadi,ternak,Sapi,2024,69898.4
Wanadadi,ternak,Kerbau,2024,0
Wanadadi,ternak,Babi,2024,0
Wanadadi,ternak,Kambing,2024,4500
Wanadadi,ternak,Domba,2024,980.42
Wanadadi,unggas,Ayam Ras Layer,2024,2854.75
Wanadadi,unggas,Ayam Kampung,2024,5724.21
Wanayasa,ternak,Sapi,2018,209309.46
Wanayasa,ternak,Kerbau,2018,0
Wanayasa,ternak,Babi,2018,0
Wanayasa,ternak,Kambing,2018,6185.82
Wanayasa,ternak,Domba,2018,4380.45
Wanayasa,ternak,Sapi,2019,205551.66
Wanayasa,ternak,Kambing,2019,2122.52
Wanayasa,ternak,Domba,2019,5324.36
Wanayasa,unggas,Ayam Ras Layer,2019,58754
Wanayasa,unggas,Ayam Kampung,2019,193526
Wanayasa,ternak,Sapi,2020,219831.3
Wanayasa,ternak,Kerbau,2020,0
Wanayasa,ternak,Babi,2020,0
Wanayasa,ternak,Kambing,2020,5949.21
Wanayasa,ternak,Domba,2020,4267.93
Wanayasa,unggas,Ayam Ras Layer,2020,55899
Wanayasa,unggas,Ayam Kampung,2020,274203
Wanayasa,ternak,Sapi,2021,271471.17
Wanayasa,ternak,Kerbau,2021,0
Wanayasa,ternak,Babi,2021,0
Wanayasa,ternak,Kambing,2021,6360.33
Wanayasa,ternak,Domba,2021,4148.8
Wanayasa,unggas,Ayam Ras Layer,2021,1715231
Wanayasa,unggas,Ayam Kampung,2021,51632
Wanayasa,ternak,Sapi,2022,260809.12
Wanayasa,ternak,Kerbau,2022,0
Wanayasa,ternak,Babi,2022,0
Wanayasa,ternak,Kambing,2022,6480.12
Wanayasa,ternak,Domba,2022,4172.09
Wanayasa,unggas,Ayam Ras Layer,2022,5887.97
Wanayasa,unggas,Ayam Kampung,2022,14609.75
Wanayasa,ternak,Sapi,2023,263111.15
Wanayasa,ternak,Kambing,2023,3810.29
Wanayasa,ternak,Domba,2023,6335.25
Wanayasa,unggas,Ayam Ras Layer,2023,775208.18
Wanayasa,unggas,Ayam Kampung,2023,533563.17
Wanayasa,ternak,Sapi,2024,281266.7
Wanayasa,ternak,Kerbau,2024,0
Wanayasa,ternak,Babi,2024,0
Wanayasa,ternak,Kambing,2024,3678.75
Wanayasa,ternak,Domba,2024,3243.73
Wanayasa,unggas,Ayam Ras Layer,2024,1029.69
Wanayasa,unggas,Ayam Kampung,2024,1336.8
