Kelompok,Komoditas,Tahun,Nilai,Satuan
sayuran_buah_semusim,Bawang Daun,2016,9340.1,ton
sayuran_buah_semusim,Bawang Merah,2016,0,ton
sayuran_buah_semusim,Bawang Putih,2016,0,ton
sayuran_buah_semusim,Bayam,2016,38.5,ton
sayuran_buah_semusim,Buncis,2016,3288.5,ton
sayuran_buah_semusim,Cabai Besar,2016,12424.8,ton
sayuran_buah_semusim,Cabai Rawit,2016,9019,ton
sayuran_buah_semusim,Cabai,2016,0,ton
sayuran_buah_semusim,Jamur,2016,0,ton
sayuran_buah_semusim,Kacang Merah,2016,0,ton
sayuran_buah_semusim,Kacang Panjang,2016,740.5,ton
sayuran_buah_semusim,Kangkung,2016,433.3,ton
sayuran_buah_semusim,Kembang Kol,2016,0,ton
sayuran_buah_semusim,Kentang,2016,97466.7,ton
sayuran_buah_semusim,Ketimun,2016,146.4,ton
sayuran_buah_semusim,Kubis,2016,79454.5,ton
sayuran_buah_semusim,Labu Siam,2016,0,ton
sayuran_buah_semusim,Lobak,2016,0,ton
sayuran_buah_semusim,Petsai,2016,0,ton
sayuran_buah_semusim,Terung,2016,0,ton
sayuran_buah_semusim,Tomat,2016,3303.2,ton
sayuran_buah_semusim,Wortel,2016,48897.9,ton
sayuran_buah_semusim,Sawi,2016,2746.6,ton
sayuran_buah_semusim,Blewah,2016,0,ton
sayuran_buah_semusim,Melon,2016,0,ton
sayuran_buah_semusim,Semangka,2016,0,ton
biofarmaka,Dringo,2016,0,tangkai
biofarmaka,Jahe,2016,0,tangkai
biofarmaka,Kapulaga,2016,461.8,tangkai
biofarmaka,Kencur,2016,0,tangkai
biofarmaka,Kunyit,2016,0,tangkai
biofarmaka,Laos,2016,0,tangkai
biofarmaka,Lempuyang,2016,0,tangkai
biofarmaka,Lidah Buaya,2016,0,tangkai
biofarmaka,Mengkudu,2016,0,tangkai
biofarmaka,Temuireng,2016,0,tangkai
biofarmaka,Temukunci,2016,0,tangkai
biofarmaka,Temulawak,2016,0,tangkai
biofarmaka,Sambiloto,2016,0,tangkai
sayuran_buah_semusim,Bawang Daun,2018,0,ton
sayuran_buah_semusim,Bawang Merah,2018,64.4,ton
sayuran_buah_semusim,Bawang Putih,2018,0,ton
sayuran_buah_semusim,Bayam,2018,94.8,ton
sayuran_buah_semusim,Buncis,2018,6973.9,ton
sayuran_buah_semusim,Cabai Besar,2018,15092.4,ton
sayuran_buah_semusim,Cabai Rawit,2018,9770.9,ton
sayuran_buah_semusim,Cabai,2018,0,ton
sayuran_buah_semusim,Jamur,2018,10395.9,ton
sayuran_buah_semusim,Kacang Merah,2018,308,ton
sayuran_buah_semusim,Kacang Panjang,2018,11964.5,ton
sayuran_buah_semusim,Kangkung,2018,667.1,ton
sayuran_buah_semusim,Kembang Kol,2018,0,ton
sayuran_buah_semusim,Kentang,2018,120096.8,ton
sayuran_buah_semusim,Ketimun,2018,352,ton
sayuran_buah_semusim,Kubis,2018,72762.9,ton
sayuran_buah_semusim,Labu Siam,2018,2523.7,ton
sayuran_buah_semusim,Lobak,2018,0,ton
sayuran_buah_semusim,Petsai,2018,0,ton
sayuran_buah_semusim,Terung,2018,3804.2,ton
sayuran_buah_semusim,Tomat,2018,9593.6,ton
sayuran_buah_semusim,Wortel,2018,78203.2,ton
sayuran_buah_semusim,Sawi,2018,3752.5,ton
sayuran_buah_semusim,Blewah,2018,0,ton
sayuran_buah_semusim,Melon,2018,0,ton
sayuran_buah_semusim,Semangka,2018,0,ton
buah_sayuran_tahunan,Alpukat,2018,234.3,ton
buah_sayuran_tahunan,Belimbing,2018,112,ton
buah_sayuran_tahunan,Duku,2018,1662.2,ton
buah_sayuran_tahunan,Durian,2018,6050.4,ton
buah_sayuran_tahunan,Jambu Biji,2018,2856.5,ton
buah_sayuran_tahunan,Jambu Air,2018,237.1,ton
buah_sayuran_tahunan,Jeruk Siam,2018,255.9,ton
buah_sayuran_tahunan,Jeruk Besa (Pomelo),2018,181.6,ton
buah_sayuran_tahunan,Jeruk (Tangerine + Pomelo),2018,0,ton
buah_sayuran_tahunan,Mangga,2018,1050.9,ton
buah_sayuran_tahunan,Manggis,2018,482.4,ton
buah_sayuran_tahunan,Nangka,2018,5115.5,ton
buah_sayuran_tahunan,Nenas,2018,60,ton
buah_sayuran_tahunan,Pepaya,2018,31316.3,ton
buah_sayuran_tahunan,Pisang,2018,18010.4,ton
buah_sayuran_tahunan,Rambutan,2018,4814,ton
buah_sayuran_tahunan,Salak,2018,400216.7,ton
buah_sayuran_tahunan,Sawo,2018,149,ton
buah_sayuran_tahunan,Markisa,2018,0,ton
buah_sayuran_tahunan,Sirsak,2018,164.1,ton
buah_sayuran_tahunan,Sukun,2018,91.4,ton
buah_sayuran_tahunan,Melinjo,2018,567,ton
buah_sayuran_tahunan,Petai,2018,3748.3,ton
tanaman_hias,Agloenema,2018,0,tangkai
tanaman_hias,Anthurium Daun,2018,37,tangkai
tanaman_hias,Caladium,2018,0,tangkai
tanaman_hias,Pakis,2018,0,tangkai
tanaman_hias,Sansievera Pedang-Pedangan,2018,0,tangkai
tanaman_hias,Soka,2018,0,tangkai
tanaman_hias,Krisan,2018,0,tangkai
tanaman_hias,Mawar,2018,0,tangkai
tanaman_hias,Melati,2018,115,tangkai
tanaman_hias,Palem,2018,28,tangkai
tanaman_hias,Pisang-pisangan,2018,0,tangkai
tanaman_hias,Sedap Malam,2018,0,tangkai
biofarmaka,Dringo,2018,0,tangkai
biofarmaka,Jahe,2018,257078,tangkai
biofarmaka,Kapulaga,2018,5720,tangkai
biofarmaka,Kencur,2018,40847,tangkai
biofarmaka,Kunyit,2018,63212,tangkai
biofarmaka,Laos,2018,18571,tangkai
biofarmaka,Lempuyang,2018,8021,tangkai
biofarmaka,Lidah Buaya,2018,0,tangkai
biofarmaka,Mengkudu,2018,0,tangkai
biofarmaka,Temuireng,2018,0,tangkai
biofarmaka,Temukunci,2018,90,tangkai
biofarmaka,Temulawak,2018,2720,tangkai
biofarmaka,Sambiloto,2018,555,tangkai
sayuran_buah_semusim,Bawang Daun,2019,14056.7,ton
sayuran_buah_semusim,Bawang Merah,2019,37.3,ton
sayuran_buah_semusim,Bawang Putih,2019,595.4,ton
sayuran_buah_semusim,Bayam,2019,114.2,ton
sayuran_buah_semusim,Buncis,2019,5223.5,ton
sayuran_buah_semusim,Cabai Besar,2019,16978.2,ton
sayuran_buah_semusim,Cabai Rawit,2019,10573.6,ton
sayuran_buah_semusim,Cabai,2019,0,ton
sayuran_buah_semusim,Jamur,2019,0,ton
sayuran_buah_semusim,Kacang Merah,2019,259.5,ton
sayuran_buah_semusim,Kacang Panjang,2019,5615.4,ton
sayuran_buah_semusim,Kangkung,2019,735.1,ton
sayuran_buah_semusim,Kembang Kol,2019,0,ton
sayuran_buah_semusim,Kentang,2019,113498.2,ton
sayuran_buah_semusim,Ketimun,2019,498.4,ton
sayuran_buah_semusim,Kubis,2019,81945.3,ton
sayuran_buah_semusim,Labu Siam,2019,3981,ton
sayuran_buah_semusim,Lobak,2019,0,ton
sayuran_buah_semusim,Petsai,2019,0,ton
sayuran_buah_semusim,Terung,2019,2307.8,ton
sayuran_buah_semusim,Tomat,2019,9460.5,ton
sayuran_buah_semusim,Wortel,2019,92354.1,ton
sayuran_buah_semusim,Sawi,2019,5247.7,ton
sayuran_buah_semusim,Blewah,2019,0,ton
sayuran_buah_semusim,Melon,2019,0,ton
sayuran_buah_semusim,Semangka,2019,0,ton
buah_sayuran_tahunan,Alpukat,2019,326.9,ton
buah_sayuran_tahunan,Belimbing,2019,127.4,ton
buah_sayuran_tahunan,Duku,2019,1756.7,ton
buah_sayuran_tahunan,Durian,2019,9525.2,ton
buah_sayuran_tahunan,Jambu Biji,2019,4501.8,ton
buah_sayuran_tahunan,Jambu Air,2019,508.5,ton
buah_sayuran_tahunan,Jeruk Siam,2019,262.3,ton
buah_sayuran_tahunan,Jeruk Besa (Pomelo),2019,180.4,ton
buah_sayuran_tahunan,Jeruk (Tangerine + Pomelo),2019,0,ton
buah_sayuran_tahunan,Mangga,2019,3077.7,ton
buah_sayuran_tahunan,Manggis,2019,561.7,ton
buah_sayuran_tahunan,Nangka,2019,4453.4,ton
buah_sayuran_tahunan,Nenas,2019,163.1,ton
buah_sayuran_tahunan,Pepaya,2019,23070.4,ton
buah_sayuran_tahunan,Pisang,2019,20367.1,ton
buah_sayuran_tahunan,Rambutan,2019,6941.3,ton
buah_sayuran_tahunan,Salak,2019,350011.1,ton
buah_sayuran_tahunan,Sawo,2019,156.4,ton
buah_sayuran_tahunan,Markisa,2019,0,ton
buah_sayuran_tahunan,Sirsak,2019,212.8,ton
buah_sayuran_tahunan,Sukun,2019,653.4,ton
buah_sayuran_tahunan,Melinjo,2019,1256.4,ton
buah_sayuran_tahunan,Petai,2019,5878.2,ton
tanaman_hias,Agloenema,2019,0,tangkai
tanaman_hias,Anthurium Daun,2019,0,tangkai
tanaman_hias,Caladium,2019,0,tangkai
tanaman_hias,Pakis,2019,0,tangkai
tanaman_hias,Sansievera Pedang-Pedangan,2019,0,tangkai
tanaman_hias,Soka,2019,0,tangkai
tanaman_hias,Krisan,2019,0,tangkai
tanaman_hias,Mawar,2019,0,tangkai
tanaman_hias,Melati,2019,0,tangkai
tanaman_hias,Palem,2019,0,tangkai
tanaman_hias,Pisang-pisangan,2019,0,tangkai
tanaman_hias,Sedap Malam,2019,0,tangkai
biofarmaka,Dringo,2019,0,tangkai
biofarmaka,Jahe,2019,310937,tangkai
biofarmaka,Kapulaga,2019,9102,tangkai
biofarmaka,Kencur,2019,90633,tangkai
biofarmaka,Kunyit,2019,116091,tangkai
biofarmaka,Laos,2019,107114,tangkai
biofarmaka,Lempuyang,2019,3933,tangkai
biofarmaka,Lidah Buaya,2019,0,tangkai
biofarmaka,Mengkudu,2019,0,tangkai
biofarmaka,Temuireng,2019,4899,tangkai
biofarmaka,Temukunci,2019,0,tangkai
biofarmaka,Temulawak,2019,5406,tangkai
biofarmaka,Sambiloto,2019,1678,tangkai
sayuran_buah_semusim,Bawang Daun,2020,15807.4,ton
sayuran_buah_semusim,Bawang Merah,2020,85.8,ton
sayuran_buah_semusim,Bawang Putih,2020,854.5,ton
sayuran_buah_semusim,Bayam,2020,126.2,ton
sayuran_buah_semusim,Buncis,2020,5366.4,ton
sayuran_buah_semusim,Cabai Besar,2020,17068.4,ton
sayuran_buah_semusim,Cabai Rawit,2020,13199.8,ton
sayuran_buah_semusim,Cabai,2020,0,ton
sayuran_buah_semusim,Jamur,2020,0,ton
sayuran_buah_semusim,Kacang Merah,2020,306,ton
sayuran_buah_semusim,Kacang Panjang,2020,5949.1,ton
sayuran_buah_semusim,Kangkung,2020,738.3,ton
sayuran_buah_semusim,Kembang Kol,2020,0,ton
sayuran_buah_semusim,Kentang,2020,126092.5,ton
sayuran_buah_semusim,Ketimun,2020,505.2,ton
sayuran_buah_semusim,Kubis,2020,83155,ton
sayuran_buah_semusim,Labu Siam,2020,4593.3,ton
sayuran_buah_semusim,Lobak,2020,0,ton
sayuran_buah_semusim,Petsai,2020,5436.8,ton
sayuran_buah_semusim,Terung,2020,2791,ton
sayuran_buah_semusim,Tomat,2020,11496.9,ton
sayuran_buah_semusim,Wortel,2020,72265,ton
sayuran_buah_semusim,Sawi,2020,0,ton
sayuran_buah_semusim,Blewah,2020,0,ton
sayuran_buah_semusim,Melon,2020,0,ton
sayuran_buah_semusim,Semangka,2020,0,ton
buah_sayuran_tahunan,Alpukat,2020,344.9,ton
buah_sayuran_tahunan,Belimbing,2020,158.3,ton
buah_sayuran_tahunan,Duku,2020,1999.5,ton
buah_sayuran_tahunan,Durian,2020,11684,ton
buah_sayuran_tahunan,Jambu Biji,2020,5083.7,ton
buah_sayuran_tahunan,Jambu Air,2020,930.8,ton
buah_sayuran_tahunan,Jeruk Siam,2020,291.5,ton
buah_sayuran_tahunan,Jeruk Besa (Pomelo),2020,721.5,ton
buah_sayuran_tahunan,Jeruk (Tangerine + Pomelo),2020,0,ton
buah_sayuran_tahunan,Mangga,2020,3088.9,ton
buah_sayuran_tahunan,Manggis,2020,572,ton
buah_sayuran_tahunan,Nangka,2020,4636.1,ton
buah_sayuran_tahunan,Nenas,2020,279.3,ton
buah_sayuran_tahunan,Pepaya,2020,30063.5,ton
buah_sayuran_tahunan,Pisang,2020,24884.3,ton
buah_sayuran_tahunan,Rambutan,2020,7107.4,ton
buah_sayuran_tahunan,Salak,2020,376343.8,ton
buah_sayuran_tahunan,Sawo,2020,239.8,ton
buah_sayuran_tahunan,Markisa,2020,0,ton
buah_sayuran_tahunan,Sirsak,2020,245.5,ton
buah_sayuran_tahunan,Sukun,2020,552.1,ton
buah_sayuran_tahunan,Melinjo,2020,1655.7,ton
buah_sayuran_tahunan,Petai,2020,5996.5,ton
tanaman_hias,Agloenema,2020,0,tangkai
tanaman_hias,Anthurium Daun,2020,0,tangkai
tanaman_hias,Caladium,2020,0,tangkai
tanaman_hias,Pakis,2020,0,tangkai
tanaman_hias,Sansievera Pedang-Pedangan,2020,0,tangkai
tanaman_hias,Soka,2020,0,tangkai
tanaman_hias,Krisan,2020,0,tangkai
tanaman_hias,Mawar,2020,0,tangkai
tanaman_hias,Melati,2020,0,tangkai
tanaman_hias,Palem,2020,0,tangkai
tanaman_hias,Pisang-pisangan,2020,0,tangkai
tanaman_hias,Sedap Malam,2020,0,tangkai
biofarmaka,Dringo,2020,42,tangkai
biofarmaka,Jahe,2020,16750,tangkai
biofarmaka,Kapulaga,2020,8450,tangkai
biofarmaka,Kencur,2020,95410,tangkai
biofarmaka,Kunyit,2020,105392,tangkai
biofarmaka,Laos,2020,33580,tangkai
biofarmaka,Lempuyang,2020,19431,tangkai
biofarmaka,Lidah Buaya,2020,1500,tangkai
biofarmaka,Mengkudu,2020,0,tangkai
biofarmaka,Temuireng,2020,19800,tangkai
biofarmaka,Temukunci,2020,25448,tangkai
biofarmaka,Temulawak,2020,21894,tangkai
biofarmaka,Sambiloto,2020,1935,tangkai
sayuran_buah_semusim,Bawang Daun,2021,18085.6,ton
sayuran_buah_semusim,Bawang Merah,2021,87.3,ton
sayuran_buah_semusim,Bawang Putih,2021,567,ton
sayuran_buah_semusim,Bayam,2021,60,ton
sayuran_buah_semusim,Buncis,2021,3774.3,ton
sayuran_buah_semusim,Cabai Besar,2021,16579.7,ton
sayuran_buah_semusim,Cabai Rawit,2021,7393.7,ton
sayuran_buah_semusim,Cabai,2021,0,ton
sayuran_buah_semusim,Jamur,2021,0,ton
sayuran_buah_semusim,Kacang Merah,2021,310.5,ton
sayuran_buah_semusim,Kacang Panjang,2021,3150.9,ton
sayuran_buah_semusim,Kangkung,2021,535.2,ton
sayuran_buah_semusim,Kembang Kol,2021,0,ton
sayuran_buah_semusim,Kentang,2021,116392.9,ton
sayuran_buah_semusim,Ketimun,2021,429.1,ton
sayuran_buah_semusim,Kubis,2021,50523,ton
sayuran_buah_semusim,Labu Siam,2021,3834.6,ton
sayuran_buah_semusim,Lobak,2021,0,ton
sayuran_buah_semusim,Petsai,2021,4512.6,ton
sayuran_buah_semusim,Terung,2021,3444.9,ton
sayuran_buah_semusim,Tomat,2021,9565.7,ton
sayuran_buah_semusim,Wortel,2021,64769.5,ton
sayuran_buah_semusim,Blewah,2021,0,ton
sayuran_buah_semusim,Melon,2021,0,ton
sayuran_buah_semusim,Semangka,2021,0,ton
buah_sayuran_tahunan,Alpukat,2021,279.1,ton
buah_sayuran_tahunan,Belimbing,2021,246,ton
buah_sayuran_tahunan,Duku,2021,2499.2,ton
buah_sayuran_tahunan,Durian,2021,6736.3,ton
buah_sayuran_tahunan,Jambu Biji,2021,4061.7,ton
buah_sayuran_tahunan,Jambu Air,2021,799.5,ton
buah_sayuran_tahunan,Jeruk Siam,2021,242.1,ton
buah_sayuran_tahunan,Jeruk (Tangerine + Pomelo),2021,0,ton
buah_sayuran_tahunan,Mangga,2021,2486.4,ton
buah_sayuran_tahunan,Manggis,2021,925.5,ton
buah_sayuran_tahunan,Nangka,2021,10046.7,ton
buah_sayuran_tahunan,Nenas,2021,189,ton
buah_sayuran_tahunan,Pepaya,2021,26445.3,ton
buah_sayuran_tahunan,Pisang,2021,25614,ton
buah_sayuran_tahunan,Rambutan,2021,4487.9,ton
buah_sayuran_tahunan,Salak,2021,360212.6,ton
buah_sayuran_tahunan,Sawo,2021,193.4,ton
buah_sayuran_tahunan,Markisa,2021,0,ton
buah_sayuran_tahunan,Sirsak,2021,237.4,ton
buah_sayuran_tahunan,Sukun,2021,509.9,ton
buah_sayuran_tahunan,Melinjo,2021,1044.8,ton
buah_sayuran_tahunan,Petai,2021,3627.4,ton
tanaman_hias,Agloenema,2021,180,tangkai
tanaman_hias,Anthurium Daun,2021,21,tangkai
tanaman_hias,Caladium,2021,0,tangkai
tanaman_hias,Pakis,2021,1,tangkai
tanaman_hias,Sansievera Pedang-Pedangan,2021,47,tangkai
tanaman_hias,Soka,2021,80,tangkai
tanaman_hias,Krisan,2021,0,tangkai
tanaman_hias,Mawar,2021,0,tangkai
tanaman_hias,Melati,2021,88,tangkai
tanaman_hias,Palem,2021,84,tangkai
tanaman_hias,Pisang-pisangan,2021,0,tangkai
tanaman_hias,Sedap Malam,2021,0,tangkai
biofarmaka,Dringo,2021,0,tangkai
biofarmaka,Jahe,2021,505470,tangkai
biofarmaka,Kapulaga,2021,20558,tangkai
biofarmaka,Kencur,2021,115540,tangkai
biofarmaka,Kunyit,2021,132536,tangkai
biofarmaka,Laos,2021,101105,tangkai
biofarmaka,Lempuyang,2021,4940,tangkai
biofarmaka,Lidah Buaya,2021,0,tangkai
biofarmaka,Mengkudu,2021,73080,tangkai
biofarmaka,Temuireng,2021,0,tangkai
biofarmaka,Temukunci,2021,0,tangkai
biofarmaka,Temulawak,2021,0,tangkai
biofarmaka,Sambiloto,2021,0,tangkai
sayuran_buah_semusim,Bawang Daun,2022,18196.3,ton
sayuran_buah_semusim,Bawang Merah,2022,45,ton
sayuran_buah_semusim,Bawang Putih,2022,0,ton
sayuran_buah_semusim,Bayam,2022,0,ton
sayuran_buah_semusim,Buncis,2022,4981.2,ton
sayuran_buah_semusim,Cabai Besar,2022,25444.1,ton
sayuran_buah_semusim,Cabai Rawit,2022,10346.9,ton
sayuran_buah_semusim,Cabai,2022,0,ton
sayuran_buah_semusim,Jamur,2022,5306.3,ton
sayuran_buah_semusim,Kacang Merah,2022,345,ton
sayuran_buah_semusim,Kacang Panjang,2022,2307.2,ton
sayuran_buah_semusim,Kangkung,2022,778.8,ton
sayuran_buah_semusim,Kembang Kol,2022,0,ton
sayuran_buah_semusim,Kentang,2022,131087,ton
sayuran_buah_semusim,Ketimun,2022,510.6,ton
sayuran_buah_semusim,Kubis,2022,48510.5,ton
sayuran_buah_semusim,Labu Siam,2022,3433.2,ton
sayuran_buah_semusim,Lobak,2022,0,ton
sayuran_buah_semusim,Petsai,2022,6357.3,ton
sayuran_buah_semusim,Terung,2022,4072.8,ton
sayuran_buah_semusim,Tomat,2022,12064.9,ton
sayuran_buah_semusim,Wortel,2022,63146.5,ton
sayuran_buah_semusim,Blewah,2022,0,ton
sayuran_buah_semusim,Melon,2022,0,ton
sayuran_buah_semusim,Semangka,2022,0,ton
buah_sayuran_tahunan,Alpukat,2022,58.8,ton
buah_sayuran_tahunan,Belimbing,2022,55.3,ton
buah_sayuran_tahunan,Duku,2022,745.9,ton
buah_sayuran_tahunan,Durian,2022,12298.3,ton
buah_sayuran_tahunan,Jambu Biji,2022,2225.1,ton
buah_sayuran_tahunan,Jambu Air,2022,190.7,ton
buah_sayuran_tahunan,Jeruk Siam,2022,75.9,ton
buah_sayuran_tahunan,Jeruk Besa (Pomelo),2022,743.4,ton
buah_sayuran_tahunan,Jeruk (Tangerine + Pomelo),2022,0,ton
buah_sayuran_tahunan,Mangga,2022,2807.7,ton
buah_sayuran_tahunan,Manggis,2022,48.5,ton
buah_sayuran_tahunan,Nangka,2022,7744,ton
buah_sayuran_tahunan,Nenas,2022,71,ton
buah_sayuran_tahunan,Pepaya,2022,7149.5,ton
buah_sayuran_tahunan,Pisang,2022,30646.6,ton
buah_sayuran_tahunan,Rambutan,2022,1291.1,ton
buah_sayuran_tahunan,Salak,2022,230334.6,ton
buah_sayuran_tahunan,Sawo,2022,117.5,ton
buah_sayuran_tahunan,Markisa,2022,754.7,ton
buah_sayuran_tahunan,Sirsak,2022,143.4,ton
buah_sayuran_tahunan,Sukun,2022,134.9,ton
buah_sayuran_tahunan,Melinjo,2022,14512,ton
buah_sayuran_tahunan,Petai,2022,319292.9,ton
tanaman_hias,Agloenema,2022,98,tangkai
tanaman_hias,Anthurium Daun,2022,84,tangkai
tanaman_hias,Caladium,2022,10000,tangkai
tanaman_hias,Pakis,2022,2,tangkai
tanaman_hias,Sansievera Pedang-Pedangan,2022,30,tangkai
tanaman_hias,Soka,2022,0,tangkai
tanaman_hias,Krisan,2022,0,tangkai
tanaman_hias,Mawar,2022,0,tangkai
tanaman_hias,Melati,2022,140,tangkai
tanaman_hias,Palem,2022,61,tangkai
tanaman_hias,Pisang-pisangan,2022,0,tangkai
tanaman_hias,Sedap Malam,2022,0,tangkai
biofarmaka,Dringo,2022,71,tangkai
biofarmaka,Jahe,2022,703639,tangkai
biofarmaka,Kapulaga,2022,1583829,tangkai
biofarmaka,Kencur,2022,46128,tangkai
biofarmaka,Kunyit,2022,74848,tangkai
biofarmaka,Laos,2022,180078,tangkai
biofarmaka,Lempuyang,2022,4150,tangkai
biofarmaka,Lidah Buaya,2022,0,tangkai
biofarmaka,Mengkudu,2022,0,tangkai
biofarmaka,Temuireng,2022,0,tangkai
biofarmaka,Temukunci,2022,0,tangkai
biofarmaka,Temulawak,2022,0,tangkai
biofarmaka,Sambiloto,2022,8090,tangkai
sayuran_buah_semusim,Bawang Daun,2023,16151.2,ton
sayuran_buah_semusim,Bawang Merah,2023,52.31,ton
sayuran_buah_semusim,Bawang Putih,2023,3,ton
sayuran_buah_semusim,Bayam,2023,0,ton
sayuran_buah_semusim,Buncis,2023,3794.8,ton
sayuran_buah_semusim,Cabai Besar,2023,29276.81,ton
sayuran_buah_semusim,Cabai Rawit,2023,15495.32,ton
sayuran_buah_semusim,Cabai,2023,0,ton
sayuran_buah_semusim,Jamur,2023,265.28,ton
sayuran_buah_semusim,Kacang Merah,2023,0,ton
sayuran_buah_semusim,Kacang Panjang,2023,590.85,ton
sayuran_buah_semusim,Kangkung,2023,358.89,ton
sayuran_buah_semusim,Kembang Kol,2023,0,ton
sayuran_buah_semusim,Kentang,2023,84059.4,ton
sayuran_buah_semusim,Ketimun,2023,269,ton
sayuran_buah_semusim,Kubis,2023,46110.8,ton
sayuran_buah_semusim,Labu Siam,2023,3305.6,ton
sayuran_buah_semusim,Lobak,2023,0,ton
sayuran_buah_semusim,Petsai,2023,4394.6,ton
sayuran_buah_semusim,Terung,2023,2589.9,ton
sayuran_buah_semusim,Tomat,2023,15721.11,ton
sayuran_buah_semusim,Wortel,2023,51743.3,ton
sayuran_buah_semusim,Blewah,2023,0,ton
sayuran_buah_semusim,Melon,2023,0,ton
sayuran_buah_semusim,Semangka,2023,0,ton
buah_sayuran_tahunan,Alpukat,2023,803.03,ton
buah_sayuran_tahunan,Belimbing,2023,1.62,ton
buah_sayuran_tahunan,Duku,2023,125.54,ton
buah_sayuran_tahunan,Durian,2023,290092.81,ton
buah_sayuran_tahunan,Jambu Biji,2023,3940.8,ton
buah_sayuran_tahunan,Jambu Air,2023,735.45,ton
buah_sayuran_tahunan,Jeruk Siam,2023,2.35,ton
buah_sayuran_tahunan,Jeruk Besa (Pomelo),2023,25.96,ton
buah_sayuran_tahunan,Jeruk (Tangerine + Pomelo),2023,0,ton
buah_sayuran_tahunan,Mangga,2023,1575.1,ton
buah_sayuran_tahunan,Manggis,2023,40.16,ton
buah_sayuran_tahunan,Nangka,2023,539.13,ton
buah_sayuran_tahunan,Nenas,2023,18.68,ton
buah_sayuran_tahunan,Pepaya,2023,4500.14,ton
buah_sayuran_tahunan,Pisang,2023,36129.99,ton
buah_sayuran_tahunan,Rambutan,2023,800.48,ton
buah_sayuran_tahunan,Salak,2023,1816886.39,ton
buah_sayuran_tahunan,Sawo,2023,72.03,ton
buah_sayuran_tahunan,Markisa,2023,0,ton
buah_sayuran_tahunan,Sirsak,2023,33.81,ton
buah_sayuran_tahunan,Sukun,2023,8.9,ton
buah_sayuran_tahunan,Melinjo,2023,751.24,ton
buah_sayuran_tahunan,Petai,2023,2157314.91,ton
tanaman_hias,Agloenema,2023,69,tangkai
tanaman_hias,Anthurium Daun,2023,0,tangkai
tanaman_hias,Caladium,2023,0,tangkai
tanaman_hias,Pakis,2023,0,tangkai
tanaman_hias,Sansievera Pedang-Pedangan,2023,13,tangkai
tanaman_hias,Soka,2023,0,tangkai
tanaman_hias,Krisan,2023,0,tangkai
tanaman_hias,Mawar,2023,0,tangkai
tanaman_hias,Melati,2023,0,tangkai
tanaman_hias,Palem,2023,44,tangkai
tanaman_hias,Pisang-pisangan,2023,0,tangkai
tanaman_hias,Sedap Malam,2023,0,tangkai
biofarmaka,Dringo,2023,0,tangkai
biofarmaka,Jahe,2023,79495,tangkai
biofarmaka,Kapulaga,2023,510119,tangkai
biofarmaka,Kencur,2023,86707,tangkai
biofarmaka,Kunyit,2023,21967,tangkai
biofarmaka,Laos,2023,10556,tangkai
biofarmaka,Lempuyang,2023,9821,tangkai
biofarmaka,Lidah Buaya,2023,0,tangkai
biofarmaka,Mengkudu,2023,0,tangkai
biofarmaka,Temuireng,2023,0,tangkai
biofarmaka,Temukunci,2023,0,tangkai
biofarmaka,Temulawak,2023,209236,tangkai
biofarmaka,Sambiloto,2023,640,tangkai
sayuran_buah_semusim,Bawang Daun,2024,10175.5,ton
sayuran_buah_semusim,Bawang Merah,2024,0.33,ton
sayuran_buah_semusim,Bawang Putih,2024,0,ton
sayuran_buah_semusim,Bayam,2024,0,ton
sayuran_buah_semusim,Buncis,2024,2938.4,ton
sayuran_buah_semusim,Cabai Besar,2024,14117.82,ton
sayuran_buah_semusim,Cabai Rawit,2024,13717.37,ton
sayuran_buah_semusim,Cabai,2024,0,ton
sayuran_buah_semusim,Jamur,2024,149.34,ton
sayuran_buah_semusim,Kacang Merah,2024,0,ton
sayuran_buah_semusim,Kacang Panjang,2024,434.96,ton
sayuran_buah_semusim,Kangkung,2024,284.95,ton
sayuran_buah_semusim,Kembang Kol,2024,0,ton
sayuran_buah_semusim,Kentang,2024,139726,ton
sayuran_buah_semusim,Ketimun,2024,275.39,ton
sayuran_buah_semusim,Kubis,2024,31549,ton
sayuran_buah_semusim,Labu Siam,2024,2200.2,ton
sayuran_buah_semusim,Lobak,2024,0,ton
sayuran_buah_semusim,Petsai,2024,2916.2,ton
sayuran_buah_semusim,Terung,2024,2836.3,ton
sayuran_buah_semusim,Tomat,2024,19083.61,ton
sayuran_buah_semusim,Wortel,2024,48031,ton
sayuran_buah_semusim,Blewah,2024,30,ton
sayuran_buah_semusim,Melon,2024,288468.62,ton
sayuran_buah_semusim,Buah-buahan,2024,0,ton
buah_sayuran_tahunan,Alpukat,2024,4760.65,ton
buah_sayuran_tahunan,Belimbing,2024,117.97,ton
buah_sayuran_tahunan,Duku,2024,2074.3,ton
buah_sayuran_tahunan,Durian,2024,5412.33,ton
buah_sayuran_tahunan,Jambu Biji,2024,14958.31,ton
buah_sayuran_tahunan,Jambu Air,2024,435.48,ton
buah_sayuran_tahunan,Jeruk Siam,2024,25.08,ton
buah_sayuran_tahunan,Jeruk Besa (Pomelo),2024,354.9,ton
buah_sayuran_tahunan,Jeruk (Tangerine + Pomelo),2024,0,ton
buah_sayuran_tahunan,Mangga,2024,575.52,ton
buah_sayuran_tahunan,Manggis,2024,271.12,ton
buah_sayuran_tahunan,Nangka,2024,2272.99,ton
buah_sayuran_tahunan,Nenas,2024,61.84,ton
buah_sayuran_tahunan,Pepaya,2024,12728.13,ton
buah_sayuran_tahunan,Pisang,2024,92200.52,ton
buah_sayuran_tahunan,Rambutan,2024,4635.36,ton
buah_sayuran_tahunan,Salak,2024,199677.28,ton
buah_sayuran_tahunan,Sawo,2024,300.42,ton
buah_sayuran_tahunan,Markisa,2024,0,ton
buah_sayuran_tahunan,Sirsak,2024,364.08,ton
buah_sayuran_tahunan,Sukun,2024,6.33,ton
buah_sayuran_tahunan,Melinjo,2024,2521.3,ton
buah_sayuran_tahunan,Petai,2024,344558.91,ton
tanaman_hias,Agloenema,2024,47,tangkai
tanaman_hias,Anthurium Daun,2024,0,tangkai
tanaman_hias,Caladium,2024,0,tangkai
tanaman_hias,Pakis,2024,18,tangkai
tanaman_hias,Sansievera Pedang-Pedangan,2024,5,tangkai
tanaman_hias,Soka,2024,0,tangkai
tanaman_hias,Krisan,2024,0,tangkai
tanaman_hias,Mawar,2024,0,tangkai
tanaman_hias,Melati,2024,0,tangkai
tanaman_hias,Palem,2024,20,tangkai
tanaman_hias,Pisang-pisangan,2024,0,tangkai
tanaman_hias,Sedap Malam,2024,0,tangkai
biofarmaka,Dringo,2024,0,tangkai
biofarmaka,Jahe,2024,144296,tangkai
biofarmaka,Kapulaga,2024,930421,tangkai
biofarmaka,Kencur,2024,40558,tangkai
biofarmaka,Kunyit,2024,56560,tangkai
biofarmaka,Laos,2024,13525,tangkai
biofarmaka,Lempuyang,2024,25070,tangkai
biofarmaka,Lidah Buaya,2024,0,tangkai
biofarmaka,Mengkudu,2024,0,tangkai
biofarmaka,Temuireng,2024,0,tangkai
biofarmaka,Temukunci,2024,0,tangkai
biofarmaka,Temulawak,2024,1380,tangkai
biofarmaka,Sambiloto,2024,0,tangkai
