kecamatan,tahun,metric,value
Susukan,2017,Bawang Merah (ton) 2017,0
Susukan,2017,Cabai Besar (ton) 2017,0
Susukan,2017,Kentang (ton) 2017,0
Susukan,2017,Kubis (ton) 2017,0
Susukan,2017,Petsai (ton) 2017,0
Susukan,2017,Tomat (ton) 2017,0
Susukan,2017,Bawang Putih (ton) 2017,0
Susukan,2017,Cabai Rawit (ton) 2017,0
Susukan,2018,Bawang Merah (ton) 2018,0
Susukan,2018,Cabai Besar (ton) 2018,38.6
Susukan,2018,Kentang (ton) 2018,0
Susukan,2018,Kubis (ton) 2018,0
Susukan,2018,Petsai (ton) 2018,0
Susukan,2018,Tomat (ton) 2018,0
Susukan,2018,Bawang Putih (ton) 2018,0
Susukan,2018,Cabai Rawit (ton) 2018,0
Susukan,2019,Bawang Merah (ton) 2019,0
Susukan,2019,Cabai Besar (ton) 2019,30
Susukan,2019,Kentang (ton) 2019,0
Susukan,2019,Kubis (ton) 2019,0
Susukan,2019,Petsai (ton) 2019,0
Susukan,2019,Tomat (ton) 2019,0
Susukan,2019,Bawang Putih (ton) 2019,0
Susukan,2019,Cabai Rawit (ton) 2019,79
Susukan,2020,Bawang Merah (ton) 2020,0
Susukan,2020,Cabai Besar (ton) 2020,0
Susukan,2020,Kentang (ton) 2020,0
Susukan,2020,Kubis (ton) 2020,0
Susukan,2020,Petsai (ton) 2020,0
Susukan,2020,Tomat (ton) 2020,0
Susukan,2020,Bawang Putih (ton) 2020,0
Susukan,2020,Cabai Rawit (ton) 2020,0
Susukan,2021,Bawang Merah (ton) 2021,0
Susukan,2021,Cabai Besar (ton) 2021,0
Susukan,2021,Kentang (ton) 2021,0
Susukan,2021,Kubis (ton) 2021,0
Susukan,2021,Petsai (ton) 2021,0
Susukan,2021,Tomat (ton) 2021,0
Susukan,2021,Bawang Putih (ton) 2021,0
Susukan,2021,Cabai Rawit (ton) 2021,0
Susukan,2022,Bawang Merah (ton) 2022,0
Susukan,2022,Cabai Besar (ton) 2022,0
Susukan,2022,Kentang (ton) 2022,0
Susukan,2022,Kubis (ton) 2022,0
Susukan,2022,Petsai (ton) 2022,0
Susukan,2022,Tomat (ton) 2022,0
Susukan,2022,Bawang Putih (ton) 2022,0
Susukan,2022,Cabai Rawit (ton) 2022,0
Susukan,2023,Bawang Merah (ton) 2023,0
Susukan,2023,Cabai Besar (ton) 2023,0
Susukan,2023,Kentang (ton) 2023,0
Susukan,2023,Kubis (ton) 2023,0
Susukan,2023,Petsai (ton) 2023,0
Susukan,2023,Tomat (ton) 2023,0
Susukan,2023,Bawang Putih (ton) 2023,0
Susukan,2023,Cabai Rawit (ton) 2023,0
Susukan,2024,Bawang Merah (ton) 2024,0
Susukan,2024,Cabai Besar (ton) 2024,0
Susukan,2024,Kentang (ton) 2024,0
Susukan,2024,Kubis (ton) 2024,0
Susukan,2024,Petsai (ton) 2024,0
Susukan,2024,Tomat (ton) 2024,0
Susukan,2024,Bawang Putih (ton) 2024,0
Susukan,2024,Cabai Rawit (ton) 2024,0
Purworejo Klampok,2017,Bawang Merah (ton) 2017,0
Purworejo Klampok,2017,Cabai Besar (ton) 2017,0
Purworejo Klampok,2017,Kentang (ton) 2017,0
Purworejo Klampok,2017,Kubis (ton) 2017,0
Purworejo Klampok,2017,Petsai (ton) 2017,0
Purworejo Klampok,2017,Tomat (ton) 2017,0
Purworejo Klampok,2017,Bawang Putih (ton) 2017,0
Purworejo Klampok,2017,Cabai Rawit (ton) 2017,0
Purworejo Klampok,2018,Bawang Merah (ton) 2018,0
Purworejo Klampok,2018,Cabai Besar (ton) 2018,0
Purworejo Klampok,2018,Kentang (ton) 2018,0
Purworejo Klampok,2018,Kubis (ton) 2018,0
Purworejo Klampok,2018,Petsai (ton) 2018,0
Purworejo Klampok,2018,Tomat (ton) 2018,0
Purworejo Klampok,2018,Bawang Putih (ton) 2018,0
Purworejo Klampok,2018,Cabai Rawit (ton) 2018,0
Purworejo Klampok,2019,Bawang Merah (ton) 2019,0
Purworejo Klampok,2019,Cabai Besar (ton) 2019,0
Purworejo Klampok,2019,Kentang (ton) 2019,0
Purworejo Klampok,2019,Kubis (ton) 2019,0
Purworejo Klampok,2019,Petsai (ton) 2019,0
Purworejo Klampok,2019,Tomat (ton) 2019,0
Purworejo Klampok,2019,Bawang Putih (ton) 2019,0
Purworejo Klampok,2019,Cabai Rawit (ton) 2019,0
Purworejo Klampok,2020,Bawang Merah (ton) 2020,0
Purworejo Klampok,2020,Cabai Besar (ton) 2020,0
Purworejo Klampok,2020,Kentang (ton) 2020,0
Purworejo Klampok,2020,Kubis (ton) 2020,0
Purworejo Klampok,2020,Petsai (ton) 2020,0
Purworejo Klampok,2020,Tomat (ton) 2020,0
Purworejo Klampok,2020,Bawang Putih (ton) 2020,0
Purworejo Klampok,2020,Cabai Rawit (ton) 2020,0
Purworejo Klampok,2021,Bawang Merah (ton) 2021,0
Purworejo Klampok,2021,Cabai Besar (ton) 2021,0
Purworejo Klampok,2021,Kentang (ton) 2021,0
Purworejo Klampok,2021,Kubis (ton) 2021,0
Purworejo Klampok,2021,Petsai (ton) 2021,0
Purworejo Klampok,2021,Tomat (ton) 2021,0
Purworejo Klampok,2021,Bawang Putih (ton) 2021,0
Purworejo Klampok,2021,Cabai Rawit (ton) 2021,0
Purworejo Klampok,2022,Bawang Merah (ton) 2022,0
Purworejo Klampok,2022,Cabai Besar (ton) 2022,0
Purworejo Klampok,2022,Kentang (ton) 2022,0
Purworejo Klampok,2022,Kubis (ton) 2022,0
Purworejo Klampok,2022,Petsai (ton) 2022,0
Purworejo Klampok,2022,Tomat (ton) 2022,0
Purworejo Klampok,2022,Bawang Putih (ton) 2022,0
Purworejo Klampok,2022,Cabai Rawit (ton) 2022,0
Purworejo Klampok,2023,Bawang Merah (ton) 2023,0
Purworejo Klampok,2023,Cabai Besar (ton) 2023,0
Purworejo Klampok,2023,Kentang (ton) 2023,0
Purworejo Klampok,2023,Kubis (ton) 2023,0
Purworejo Klampok,2023,Petsai (ton) 2023,0
Purworejo Klampok,2023,Tomat (ton) 2023,0
Purworejo Klampok,2023,Bawang Putih (ton) 2023,0
Purworejo Klampok,2023,Cabai Rawit (ton) 2023,0
Purworejo Klampok,2024,Bawang Merah (ton) 2024,0
Purworejo Klampok,2024,Cabai Besar (ton) 2024,1
Purworejo Klampok,2024,Kentang (ton) 2024,0
Purworejo Klampok,2024,Kubis (ton) 2024,0
Purworejo Klampok,2024,Petsai (ton) 2024,0
Purworejo Klampok,2024,Tomat (ton) 2024,0
Purworejo Klampok,2024,Bawang Putih (ton) 2024,0
Purworejo Klampok,2024,Cabai Rawit (ton) 2024,1.5
Mandiraja,2017,Bawang Merah (ton) 2017,0
Mandiraja,2017,Cabai Besar (ton) 2017,0
Mandiraja,2017,Kentang (ton) 2017,0
Mandiraja,2017,Kubis (ton) 2017,0
Mandiraja,2017,Petsai (ton) 2017,0
Mandiraja,2017,Tomat (ton) 2017,0
Mandiraja,2017,Bawang Putih (ton) 2017,0
Mandiraja,2017,Cabai Rawit (ton) 2017,0
Mandiraja,2018,Bawang Merah (ton) 2018,0
Mandiraja,2018,Cabai Besar (ton) 2018,20
Mandiraja,2018,Kentang (ton) 2018,0
Mandiraja,2018,Kubis (ton) 2018,0
Mandiraja,2018,Petsai (ton) 2018,0
Mandiraja,2018,Tomat (ton) 2018,0
Mandiraja,2018,Bawang Putih (ton) 2018,0
Mandiraja,2018,Cabai Rawit (ton) 2018,10
Mandiraja,2019,Bawang Merah (ton) 2019,0
Mandiraja,2019,Cabai Besar (ton) 2019,162.5
Mandiraja,2019,Kentang (ton) 2019,0
Mandiraja,2019,Kubis (ton) 2019,0
Mandiraja,2019,Petsai (ton) 2019,0
Mandiraja,2019,Tomat (ton) 2019,0
Mandiraja,2019,Bawang Putih (ton) 2019,0
Mandiraja,2019,Cabai Rawit (ton) 2019,35.2
Mandiraja,2020,Bawang Merah (ton) 2020,0
Mandiraja,2020,Cabai Besar (ton) 2020,45
Mandiraja,2020,Kentang (ton) 2020,0
Mandiraja,2020,Kubis (ton) 2020,0
Mandiraja,2020,Petsai (ton) 2020,0
Mandiraja,2020,Tomat (ton) 2020,0
Mandiraja,2020,Bawang Putih (ton) 2020,0
Mandiraja,2020,Cabai Rawit (ton) 2020,20
Mandiraja,2021,Bawang Merah (ton) 2021,42.3
Mandiraja,2021,Cabai Besar (ton) 2021,60.9
Mandiraja,2021,Kentang (ton) 2021,0
Mandiraja,2021,Kubis (ton) 2021,0
Mandiraja,2021,Petsai (ton) 2021,0
Mandiraja,2021,Tomat (ton) 2021,0
Mandiraja,2021,Bawang Putih (ton) 2021,0
Mandiraja,2021,Cabai Rawit (ton) 2021,60.2
Mandiraja,2022,Bawang Merah (ton) 2022,15
Mandiraja,2022,Cabai Besar (ton) 2022,22.5
Mandiraja,2022,Kentang (ton) 2022,0
Mandiraja,2022,Kubis (ton) 2022,0
Mandiraja,2022,Petsai (ton) 2022,0
Mandiraja,2022,Tomat (ton) 2022,0
Mandiraja,2022,Bawang Putih (ton) 2022,0
Mandiraja,2022,Cabai Rawit (ton) 2022,4.7
Mandiraja,2023,Bawang Merah (ton) 2023,0.2
Mandiraja,2023,Cabai Besar (ton) 2023,8.3
Mandiraja,2023,Kentang (ton) 2023,0
Mandiraja,2023,Kubis (ton) 2023,0
Mandiraja,2023,Petsai (ton) 2023,0
Mandiraja,2023,Tomat (ton) 2023,0
Mandiraja,2023,Bawang Putih (ton) 2023,0
Mandiraja,2023,Cabai Rawit (ton) 2023,7.48
Mandiraja,2024,Bawang Merah (ton) 2024,0
Mandiraja,2024,Cabai Besar (ton) 2024,59.8
Mandiraja,2024,Kentang (ton) 2024,0
Mandiraja,2024,Kubis (ton) 2024,0
Mandiraja,2024,Petsai (ton) 2024,0
Mandiraja,2024,Tomat (ton) 2024,0
Mandiraja,2024,Bawang Putih (ton) 2024,0
Mandiraja,2024,Cabai Rawit (ton) 2024,5.77
Purwonegoro,2017,Bawang Merah (ton) 2017,0
Purwonegoro,2017,Cabai Besar (ton) 2017,0
Purwonegoro,2017,Kentang (ton) 2017,0
Purwonegoro,2017,Kubis (ton) 2017,0
Purwonegoro,2017,Petsai (ton) 2017,0
Purwonegoro,2017,Tomat (ton) 2017,121.4
Purwonegoro,2017,Bawang Putih (ton) 2017,0
Purwonegoro,2017,Cabai Rawit (ton) 2017,0
Purwonegoro,2018,Bawang Merah (ton) 2018,0
Purwonegoro,2018,Cabai Besar (ton) 2018,6596
Purwonegoro,2018,Kentang (ton) 2018,0
Purwonegoro,2018,Kubis (ton) 2018,0
Purwonegoro,2018,Petsai (ton) 2018,0
Purwonegoro,2018,Tomat (ton) 2018,34.1
Purwonegoro,2018,Bawang Putih (ton) 2018,0
Purwonegoro,2018,Cabai Rawit (ton) 2018,22
Purwonegoro,2019,Bawang Merah (ton) 2019,30.6
Purwonegoro,2019,Cabai Besar (ton) 2019,10295.1
Purwonegoro,2019,Kentang (ton) 2019,0
Purwonegoro,2019,Kubis (ton) 2019,0
Purwonegoro,2019,Petsai (ton) 2019,0
Purwonegoro,2019,Tomat (ton) 2019,804
Purwonegoro,2019,Bawang Putih (ton) 2019,0
Purwonegoro,2019,Cabai Rawit (ton) 2019,680.2
Purwonegoro,2020,Bawang Merah (ton) 2020,7.7
Purwonegoro,2020,Cabai Besar (ton) 2020,9152.5
Purwonegoro,2020,Kentang (ton) 2020,0
Purwonegoro,2020,Kubis (ton) 2020,0
Purwonegoro,2020,Petsai (ton) 2020,0
Purwonegoro,2020,Tomat (ton) 2020,1110.7
Purwonegoro,2020,Bawang Putih (ton) 2020,0
Purwonegoro,2020,Cabai Rawit (ton) 2020,355.4
Purwonegoro,2021,Bawang Merah (ton) 2021,45
Purwonegoro,2021,Cabai Besar (ton) 2021,4764.9
Purwonegoro,2021,Kentang (ton) 2021,0
Purwonegoro,2021,Kubis (ton) 2021,0
Purwonegoro,2021,Petsai (ton) 2021,0
Purwonegoro,2021,Tomat (ton) 2021,533.8
Purwonegoro,2021,Bawang Putih (ton) 2021,0
Purwonegoro,2021,Cabai Rawit (ton) 2021,189.1
Purwonegoro,2022,Bawang Merah (ton) 2022,30
Purwonegoro,2022,Cabai Besar (ton) 2022,15663.7
Purwonegoro,2022,Kentang (ton) 2022,0
Purwonegoro,2022,Kubis (ton) 2022,0
Purwonegoro,2022,Petsai (ton) 2022,0
Purwonegoro,2022,Tomat (ton) 2022,750.9
Purwonegoro,2022,Bawang Putih (ton) 2022,0
Purwonegoro,2022,Cabai Rawit (ton) 2022,600.4
Purwonegoro,2023,Bawang Merah (ton) 2023,52.11
Purwonegoro,2023,Cabai Besar (ton) 2023,13009
Purwonegoro,2023,Kentang (ton) 2023,0
Purwonegoro,2023,Kubis (ton) 2023,0
Purwonegoro,2023,Petsai (ton) 2023,0
Purwonegoro,2023,Tomat (ton) 2023,631.6
Purwonegoro,2023,Bawang Putih (ton) 2023,0
Purwonegoro,2023,Cabai Rawit (ton) 2023,870
Purwonegoro,2024,Bawang Merah (ton) 2024,0.33
Purwonegoro,2024,Cabai Besar (ton) 2024,1424.69
Purwonegoro,2024,Kentang (ton) 2024,0
Purwonegoro,2024,Kubis (ton) 2024,0
Purwonegoro,2024,Petsai (ton) 2024,0
Purwonegoro,2024,Tomat (ton) 2024,161.4
Purwonegoro,2024,Bawang Putih (ton) 2024,0
Purwonegoro,2024,Cabai Rawit (ton) 2024,2894.9
Bawang,2017,Bawang Merah (ton) 2017,0
Bawang,2017,Cabai Besar (ton) 2017,0
Bawang,2017,Kentang (ton) 2017,0
Bawang,2017,Kubis (ton) 2017,0
Bawang,2017,Petsai (ton) 2017,0
Bawang,2017,Tomat (ton) 2017,256.7
Bawang,2017,Bawang Putih (ton) 2017,0
Bawang,2017,Cabai Rawit (ton) 2017,0
Bawang,2018,Bawang Merah (ton) 2018,0
Bawang,2018,Cabai Besar (ton) 2018,222.7
Bawang,2018,Kentang (ton) 2018,0
Bawang,2018,Kubis (ton) 2018,0
Bawang,2018,Petsai (ton) 2018,0
Bawang,2018,Tomat (ton) 2018,269.8
Bawang,2018,Bawang Putih (ton) 2018,0
Bawang,2018,Cabai Rawit (ton) 2018,59
Bawang,2019,Bawang Merah (ton) 2019,2.9
Bawang,2019,Cabai Besar (ton) 2019,455.3
Bawang,2019,Kentang (ton) 2019,0
Bawang,2019,Kubis (ton) 2019,0
Bawang,2019,Petsai (ton) 2019,0
Bawang,2019,Tomat (ton) 2019,161.5
Bawang,2019,Bawang Putih (ton) 2019,0
Bawang,2019,Cabai Rawit (ton) 2019,279.9
Bawang,2020,Bawang Merah (ton) 2020,7.9
Bawang,2020,Cabai Besar (ton) 2020,169.5
Bawang,2020,Kentang (ton) 2020,0
Bawang,2020,Kubis (ton) 2020,0
Bawang,2020,Petsai (ton) 2020,0
Bawang,2020,Tomat (ton) 2020,464.1
Bawang,2020,Bawang Putih (ton) 2020,0
Bawang,2020,Cabai Rawit (ton) 2020,151.8
Bawang,2021,Bawang Merah (ton) 2021,0
Bawang,2021,Cabai Besar (ton) 2021,160
Bawang,2021,Kentang (ton) 2021,0
Bawang,2021,Kubis (ton) 2021,0
Bawang,2021,Petsai (ton) 2021,0
Bawang,2021,Tomat (ton) 2021,389.8
Bawang,2021,Bawang Putih (ton) 2021,0
Bawang,2021,Cabai Rawit (ton) 2021,49.6
Bawang,2022,Bawang Merah (ton) 2022,0
Bawang,2022,Cabai Besar (ton) 2022,208.2
Bawang,2022,Kentang (ton) 2022,0
Bawang,2022,Kubis (ton) 2022,0
Bawang,2022,Petsai (ton) 2022,0
Bawang,2022,Tomat (ton) 2022,143.5
Bawang,2022,Bawang Putih (ton) 2022,0
Bawang,2022,Cabai Rawit (ton) 2022,67.6
Bawang,2023,Bawang Merah (ton) 2023,0
Bawang,2023,Cabai Besar (ton) 2023,691.1
Bawang,2023,Kentang (ton) 2023,0
Bawang,2023,Kubis (ton) 2023,0
Bawang,2023,Petsai (ton) 2023,0
Bawang,2023,Tomat (ton) 2023,87.4
Bawang,2023,Bawang Putih (ton) 2023,0
Bawang,2023,Cabai Rawit (ton) 2023,679.96
Bawang,2024,Bawang Merah (ton) 2024,0
Bawang,2024,Cabai Besar (ton) 2024,1755.9
Bawang,2024,Kentang (ton) 2024,0
Bawang,2024,Kubis (ton) 2024,0
Bawang,2024,Petsai (ton) 2024,0
Bawang,2024,Tomat (ton) 2024,270.4
Bawang,2024,Bawang Putih (ton) 2024,0
Bawang,2024,Cabai Rawit (ton) 2024,2809.5
Banjarnegara,2017,Bawang Merah (ton) 2017,0
Banjarnegara,2017,Cabai Besar (ton) 2017,0
Banjarnegara,2017,Kentang (ton) 2017,0
Banjarnegara,2017,Kubis (ton) 2017,0
Banjarnegara,2017,Petsai (ton) 2017,0
Banjarnegara,2017,Tomat (ton) 2017,0
Banjarnegara,2017,Bawang Putih (ton) 2017,0
Banjarnegara,2017,Cabai Rawit (ton) 2017,0
Banjarnegara,2018,Bawang Merah (ton) 2018,20
Banjarnegara,2018,Cabai Besar (ton) 2018,0.2
Banjarnegara,2018,Kentang (ton) 2018,0
Banjarnegara,2018,Kubis (ton) 2018,0
Banjarnegara,2018,Petsai (ton) 2018,0
Banjarnegara,2018,Tomat (ton) 2018,0
Banjarnegara,2018,Bawang Putih (ton) 2018,0
Banjarnegara,2018,Cabai Rawit (ton) 2018,0
Banjarnegara,2019,Bawang Merah (ton) 2019,0
Banjarnegara,2019,Cabai Besar (ton) 2019,15.5
Banjarnegara,2019,Kentang (ton) 2019,0
Banjarnegara,2019,Kubis (ton) 2019,0
Banjarnegara,2019,Petsai (ton) 2019,0
Banjarnegara,2019,Tomat (ton) 2019,35.3
Banjarnegara,2019,Bawang Putih (ton) 2019,0
Banjarnegara,2019,Cabai Rawit (ton) 2019,1.3
Banjarnegara,2020,Bawang Merah (ton) 2020,19.5
Banjarnegara,2020,Cabai Besar (ton) 2020,10
Banjarnegara,2020,Kentang (ton) 2020,0
Banjarnegara,2020,Kubis (ton) 2020,0
Banjarnegara,2020,Petsai (ton) 2020,0
Banjarnegara,2020,Tomat (ton) 2020,0
Banjarnegara,2020,Bawang Putih (ton) 2020,0
Banjarnegara,2020,Cabai Rawit (ton) 2020,0
Banjarnegara,2021,Bawang Merah (ton) 2021,0
Banjarnegara,2021,Cabai Besar (ton) 2021,0
Banjarnegara,2021,Kentang (ton) 2021,0
Banjarnegara,2021,Kubis (ton) 2021,0
Banjarnegara,2021,Petsai (ton) 2021,0
Banjarnegara,2021,Tomat (ton) 2021,0
Banjarnegara,2021,Bawang Putih (ton) 2021,0
Banjarnegara,2021,Cabai Rawit (ton) 2021,0
Banjarnegara,2022,Bawang Merah (ton) 2022,0
Banjarnegara,2022,Cabai Besar (ton) 2022,0
Banjarnegara,2022,Kentang (ton) 2022,0
Banjarnegara,2022,Kubis (ton) 2022,0
Banjarnegara,2022,Petsai (ton) 2022,0
Banjarnegara,2022,Tomat (ton) 2022,0
Banjarnegara,2022,Bawang Putih (ton) 2022,0
Banjarnegara,2022,Cabai Rawit (ton) 2022,0
Banjarnegara,2023,Bawang Merah (ton) 2023,0
Banjarnegara,2023,Cabai Besar (ton) 2023,0
Banjarnegara,2023,Kentang (ton) 2023,0
Banjarnegara,2023,Kubis (ton) 2023,0
Banjarnegara,2023,Petsai (ton) 2023,0
Banjarnegara,2023,Tomat (ton) 2023,0
Banjarnegara,2023,Bawang Putih (ton) 2023,0
Banjarnegara,2023,Cabai Rawit (ton) 2023,1.32
Banjarnegara,2024,Bawang Merah (ton) 2024,0
Banjarnegara,2024,Cabai Besar (ton) 2024,0
Banjarnegara,2024,Kentang (ton) 2024,0
Banjarnegara,2024,Kubis (ton) 2024,0
Banjarnegara,2024,Petsai (ton) 2024,0
Banjarnegara,2024,Tomat (ton) 2024,0
Banjarnegara,2024,Bawang Putih (ton) 2024,0
Banjarnegara,2024,Cabai Rawit (ton) 2024,3.7
Pagedongan,2017,Bawang Merah (ton) 2017,0
Pagedongan,2017,Cabai Besar (ton) 2017,0
Pagedongan,2017,Kentang (ton) 2017,0
Pagedongan,2017,Kubis (ton) 2017,0
Pagedongan,2017,Petsai (ton) 2017,0
Pagedongan,2017,Tomat (ton) 2017,0
Pagedongan,2017,Bawang Putih (ton) 2017,0
Pagedongan,2017,Cabai Rawit (ton) 2017,0
Pagedongan,2018,Bawang Merah (ton) 2018,0
Pagedongan,2018,Cabai Besar (ton) 2018,0.8
Pagedongan,2018,Kentang (ton) 2018,0
Pagedongan,2018,Kubis (ton) 2018,0
Pagedongan,2018,Petsai (ton) 2018,0
Pagedongan,2018,Tomat (ton) 2018,0
Pagedongan,2018,Bawang Putih (ton) 2018,0
Pagedongan,2018,Cabai Rawit (ton) 2018,70
Pagedongan,2019,Bawang Merah (ton) 2019,0
Pagedongan,2019,Cabai Besar (ton) 2019,0.6
Pagedongan,2019,Kentang (ton) 2019,0
Pagedongan,2019,Kubis (ton) 2019,0
Pagedongan,2019,Petsai (ton) 2019,0
Pagedongan,2019,Tomat (ton) 2019,0
Pagedongan,2019,Bawang Putih (ton) 2019,0
Pagedongan,2019,Cabai Rawit (ton) 2019,22.4
Pagedongan,2020,Bawang Merah (ton) 2020,0
Pagedongan,2020,Cabai Besar (ton) 2020,0
Pagedongan,2020,Kentang (ton) 2020,0
Pagedongan,2020,Kubis (ton) 2020,0
Pagedongan,2020,Petsai (ton) 2020,0
Pagedongan,2020,Tomat (ton) 2020,0
Pagedongan,2020,Bawang Putih (ton) 2020,0
Pagedongan,2020,Cabai Rawit (ton) 2020,1272.5
Pagedongan,2021,Bawang Merah (ton) 2021,0
Pagedongan,2021,Cabai Besar (ton) 2021,100.2
Pagedongan,2021,Kentang (ton) 2021,0
Pagedongan,2021,Kubis (ton) 2021,0
Pagedongan,2021,Petsai (ton) 2021,0
Pagedongan,2021,Tomat (ton) 2021,0
Pagedongan,2021,Bawang Putih (ton) 2021,0
Pagedongan,2021,Cabai Rawit (ton) 2021,658
Pagedongan,2022,Bawang Merah (ton) 2022,0
Pagedongan,2022,Cabai Besar (ton) 2022,0
Pagedongan,2022,Kentang (ton) 2022,0
Pagedongan,2022,Kubis (ton) 2022,0
Pagedongan,2022,Petsai (ton) 2022,0
Pagedongan,2022,Tomat (ton) 2022,0
Pagedongan,2022,Bawang Putih (ton) 2022,0
Pagedongan,2022,Cabai Rawit (ton) 2022,288.6
Pagedongan,2023,Bawang Merah (ton) 2023,0
Pagedongan,2023,Cabai Besar (ton) 2023,0
Pagedongan,2023,Kentang (ton) 2023,0
Pagedongan,2023,Kubis (ton) 2023,0
Pagedongan,2023,Petsai (ton) 2023,0
Pagedongan,2023,Tomat (ton) 2023,4.5
Pagedongan,2023,Bawang Putih (ton) 2023,0
Pagedongan,2023,Cabai Rawit (ton) 2023,207.5
Pagedongan,2024,Bawang Merah (ton) 2024,0
Pagedongan,2024,Cabai Besar (ton) 2024,0
Pagedongan,2024,Kentang (ton) 2024,0
Pagedongan,2024,Kubis (ton) 2024,0
Pagedongan,2024,Petsai (ton) 2024,0
Pagedongan,2024,Tomat (ton) 2024,0
Pagedongan,2024,Bawang Putih (ton) 2024,0
Pagedongan,2024,Cabai Rawit (ton) 2024,175.66
Sigaluh,2017,Bawang Merah (ton) 2017,0
Sigaluh,2017,Cabai Besar (ton) 2017,0
Sigaluh,2017,Kentang (ton) 2017,0
Sigaluh,2017,Kubis (ton) 2017,0
Sigaluh,2017,Petsai (ton) 2017,0
Sigaluh,2017,Tomat (ton) 2017,0
Sigaluh,2017,Bawang Putih (ton) 2017,0
Sigaluh,2017,Cabai Rawit (ton) 2017,0
Sigaluh,2018,Bawang Merah (ton) 2018,0
Sigaluh,2018,Cabai Besar (ton) 2018,0
Sigaluh,2018,Kentang (ton) 2018,0
Sigaluh,2018,Kubis (ton) 2018,0
Sigaluh,2018,Petsai (ton) 2018,0
Sigaluh,2018,Tomat (ton) 2018,0
Sigaluh,2018,Bawang Putih (ton) 2018,0
Sigaluh,2018,Cabai Rawit (ton) 2018,0
Sigaluh,2019,Bawang Merah (ton) 2019,0
Sigaluh,2019,Cabai Besar (ton) 2019,0
Sigaluh,2019,Kentang (ton) 2019,0
Sigaluh,2019,Kubis (ton) 2019,0
Sigaluh,2019,Petsai (ton) 2019,0
Sigaluh,2019,Tomat (ton) 2019,0
Sigaluh,2019,Bawang Putih (ton) 2019,0
Sigaluh,2019,Cabai Rawit (ton) 2019,0
Sigaluh,2020,Bawang Merah (ton) 2020,0
Sigaluh,2020,Cabai Besar (ton) 2020,0
Sigaluh,2020,Kentang (ton) 2020,0
Sigaluh,2020,Kubis (ton) 2020,0
Sigaluh,2020,Petsai (ton) 2020,0
Sigaluh,2020,Tomat (ton) 2020,0
Sigaluh,2020,Bawang Putih (ton) 2020,0
Sigaluh,2020,Cabai Rawit (ton) 2020,0
Sigaluh,2021,Bawang Merah (ton) 2021,0
Sigaluh,2021,Cabai Besar (ton) 2021,10
Sigaluh,2021,Kentang (ton) 2021,0
Sigaluh,2021,Kubis (ton) 2021,0
Sigaluh,2021,Petsai (ton) 2021,0
Sigaluh,2021,Tomat (ton) 2021,0
Sigaluh,2021,Bawang Putih (ton) 2021,0
Sigaluh,2021,Cabai Rawit (ton) 2021,5
Sigaluh,2022,Bawang Merah (ton) 2022,0
Sigaluh,2022,Cabai Besar (ton) 2022,0
Sigaluh,2022,Kentang (ton) 2022,0
Sigaluh,2022,Kubis (ton) 2022,0
Sigaluh,2022,Petsai (ton) 2022,0
Sigaluh,2022,Tomat (ton) 2022,0
Sigaluh,2022,Bawang Putih (ton) 2022,0
Sigaluh,2022,Cabai Rawit (ton) 2022,0
Sigaluh,2023,Bawang Merah (ton) 2023,0
Sigaluh,2023,Cabai Besar (ton) 2023,0
Sigaluh,2023,Kentang (ton) 2023,0
Sigaluh,2023,Kubis (ton) 2023,0
Sigaluh,2023,Petsai (ton) 2023,0
Sigaluh,2023,Tomat (ton) 2023,0
Sigaluh,2023,Bawang Putih (ton) 2023,0
Sigaluh,2024,Bawang Merah (ton) 2024,0
Sigaluh,2024,Cabai Besar (ton) 2024,0.4
Sigaluh,2024,Kentang (ton) 2024,0
Sigaluh,2024,Kubis (ton) 2024,0
Sigaluh,2024,Petsai (ton) 2024,0
Sigaluh,2024,Tomat (ton) 2024,0
Sigaluh,2024,Bawang Putih (ton) 2024,0
Sigaluh,2024,Cabai Rawit (ton) 2024,0.62
Madukara,2017,Bawang Merah (ton) 2017,0
Madukara,2017,Cabai Besar (ton) 2017,0
Madukara,2017,Kentang (ton) 2017,0
Madukara,2017,Kubis (ton) 2017,0
Madukara,2017,Petsai (ton) 2017,0
Madukara,2017,Tomat (ton) 2017,0
Madukara,2017,Bawang Putih (ton) 2017,0
Madukara,2017,Cabai Rawit (ton) 2017,0
Madukara,2018,Bawang Merah (ton) 2018,0
Madukara,2018,Cabai Besar (ton) 2018,27.2
Madukara,2018,Kentang (ton) 2018,0
Madukara,2018,Kubis (ton) 2018,0
Madukara,2018,Petsai (ton) 2018,0
Madukara,2018,Tomat (ton) 2018,0
Madukara,2018,Bawang Putih (ton) 2018,0
Madukara,2018,Cabai Rawit (ton) 2018,2
Madukara,2019,Bawang Merah (ton) 2019,0
Madukara,2019,Cabai Besar (ton) 2019,18.3
Madukara,2019,Kentang (ton) 2019,0
Madukara,2019,Kubis (ton) 2019,0
Madukara,2019,Petsai (ton) 2019,0
Madukara,2019,Tomat (ton) 2019,0
Madukara,2019,Bawang Putih (ton) 2019,0
Madukara,2019,Cabai Rawit (ton) 2019,14.2
Madukara,2020,Bawang Merah (ton) 2020,0
Madukara,2020,Cabai Besar (ton) 2020,6.6
Madukara,2020,Kentang (ton) 2020,0
Madukara,2020,Kubis (ton) 2020,0
Madukara,2020,Petsai (ton) 2020,0
Madukara,2020,Tomat (ton) 2020,0
Madukara,2020,Bawang Putih (ton) 2020,0
Madukara,2020,Cabai Rawit (ton) 2020,0
Madukara,2021,Bawang Merah (ton) 2021,0
Madukara,2021,Cabai Besar (ton) 2021,6.5
Madukara,2021,Kentang (ton) 2021,0
Madukara,2021,Kubis (ton) 2021,0
Madukara,2021,Petsai (ton) 2021,0
Madukara,2021,Tomat (ton) 2021,0
Madukara,2021,Bawang Putih (ton) 2021,0
Madukara,2021,Cabai Rawit (ton) 2021,4.9
Madukara,2022,Bawang Merah (ton) 2022,0
Madukara,2022,Cabai Besar (ton) 2022,15.8
Madukara,2022,Kentang (ton) 2022,0
Madukara,2022,Kubis (ton) 2022,0
Madukara,2022,Petsai (ton) 2022,0
Madukara,2022,Tomat (ton) 2022,0
Madukara,2022,Bawang Putih (ton) 2022,0
Madukara,2022,Cabai Rawit (ton) 2022,0
Madukara,2023,Bawang Merah (ton) 2023,0
Madukara,2023,Cabai Besar (ton) 2023,1
Madukara,2023,Kentang (ton) 2023,0
Madukara,2023,Kubis (ton) 2023,0
Madukara,2023,Petsai (ton) 2023,0
Madukara,2023,Tomat (ton) 2023,0
Madukara,2023,Bawang Putih (ton) 2023,0
Madukara,2023,Cabai Rawit (ton) 2023,18.8
Madukara,2024,Bawang Merah (ton) 2024,0
Madukara,2024,Cabai Besar (ton) 2024,0
Madukara,2024,Kentang (ton) 2024,0
Madukara,2024,Kubis (ton) 2024,0
Madukara,2024,Petsai (ton) 2024,0
Madukara,2024,Tomat (ton) 2024,0
Madukara,2024,Bawang Putih (ton) 2024,0
Madukara,2024,Cabai Rawit (ton) 2024,31.21
Banjarmangu,2017,Bawang Merah (ton) 2017,0
Banjarmangu,2017,Cabai Besar (ton) 2017,0
Banjarmangu,2017,Kentang (ton) 2017,0
Banjarmangu,2017,Kubis (ton) 2017,0
Banjarmangu,2017,Petsai (ton) 2017,0
Banjarmangu,2017,Tomat (ton) 2017,39.7
Banjarmangu,2017,Bawang Putih (ton) 2017,0
Banjarmangu,2017,Cabai Rawit (ton) 2017,0
Banjarmangu,2018,Bawang Merah (ton) 2018,0
Banjarmangu,2018,Cabai Besar (ton) 2018,26.9
Banjarmangu,2018,Kentang (ton) 2018,0
Banjarmangu,2018,Kubis (ton) 2018,0
Banjarmangu,2018,Petsai (ton) 2018,0
Banjarmangu,2018,Tomat (ton) 2018,2.4
Banjarmangu,2018,Bawang Putih (ton) 2018,0
Banjarmangu,2018,Cabai Rawit (ton) 2018,6
Banjarmangu,2019,Bawang Merah (ton) 2019,0
Banjarmangu,2019,Cabai Besar (ton) 2019,14.3
Banjarmangu,2019,Kentang (ton) 2019,0
Banjarmangu,2019,Kubis (ton) 2019,0
Banjarmangu,2019,Petsai (ton) 2019,0
Banjarmangu,2019,Tomat (ton) 2019,13.7
Banjarmangu,2019,Bawang Putih (ton) 2019,0
Banjarmangu,2019,Cabai Rawit (ton) 2019,8.9
Banjarmangu,2020,Bawang Merah (ton) 2020,0
Banjarmangu,2020,Cabai Besar (ton) 2020,21
Banjarmangu,2020,Kentang (ton) 2020,0
Banjarmangu,2020,Kubis (ton) 2020,0
Banjarmangu,2020,Petsai (ton) 2020,0
Banjarmangu,2020,Tomat (ton) 2020,5.3
Banjarmangu,2020,Bawang Putih (ton) 2020,0
Banjarmangu,2020,Cabai Rawit (ton) 2020,11.2
Banjarmangu,2021,Bawang Merah (ton) 2021,0
Banjarmangu,2021,Cabai Besar (ton) 2021,0
Banjarmangu,2021,Kentang (ton) 2021,0
Banjarmangu,2021,Kubis (ton) 2021,0
Banjarmangu,2021,Petsai (ton) 2021,0
Banjarmangu,2021,Tomat (ton) 2021,0
Banjarmangu,2021,Bawang Putih (ton) 2021,0
Banjarmangu,2021,Cabai Rawit (ton) 2021,19.1
Banjarmangu,2022,Bawang Merah (ton) 2022,0
Banjarmangu,2022,Cabai Besar (ton) 2022,0.6
Banjarmangu,2022,Kentang (ton) 2022,0
Banjarmangu,2022,Kubis (ton) 2022,0
Banjarmangu,2022,Petsai (ton) 2022,0
Banjarmangu,2022,Tomat (ton) 2022,15.1
Banjarmangu,2022,Bawang Putih (ton) 2022,0
Banjarmangu,2022,Cabai Rawit (ton) 2022,0.9
Banjarmangu,2023,Bawang Merah (ton) 2023,0
Banjarmangu,2023,Cabai Besar (ton) 2023,0
Banjarmangu,2023,Kentang (ton) 2023,0
Banjarmangu,2023,Kubis (ton) 2023,0
Banjarmangu,2023,Petsai (ton) 2023,0
Banjarmangu,2023,Tomat (ton) 2023,8.65
Banjarmangu,2023,Bawang Putih (ton) 2023,0
Banjarmangu,2023,Cabai Rawit (ton) 2023,9.1
Banjarmangu,2024,Bawang Merah (ton) 2024,0
Banjarmangu,2024,Cabai Besar (ton) 2024,0
Banjarmangu,2024,Kentang (ton) 2024,0
Banjarmangu,2024,Kubis (ton) 2024,0
Banjarmangu,2024,Petsai (ton) 2024,0
Banjarmangu,2024,Tomat (ton) 2024,0
Banjarmangu,2024,Bawang Putih (ton) 2024,0
Banjarmangu,2024,Cabai Rawit (ton) 2024,2.16
Wanadadi,2017,Bawang Merah (ton) 2017,0
Wanadadi,2017,Cabai Besar (ton) 2017,0
Wanadadi,2017,Kentang (ton) 2017,0
Wanadadi,2017,Kubis (ton) 2017,0
Wanadadi,2017,Petsai (ton) 2017,0
Wanadadi,2017,Tomat (ton) 2017,0
Wanadadi,2017,Bawang Putih (ton) 2017,0
Wanadadi,2017,Cabai Rawit (ton) 2017,0
Wanadadi,2018,Bawang Merah (ton) 2018,0
Wanadadi,2018,Cabai Besar (ton) 2018,4.2
Wanadadi,2018,Kentang (ton) 2018,0
Wanadadi,2018,Kubis (ton) 2018,0
Wanadadi,2018,Petsai (ton) 2018,0
Wanadadi,2018,Tomat (ton) 2018,0
Wanadadi,2018,Bawang Putih (ton) 2018,0
Wanadadi,2018,Cabai Rawit (ton) 2018,2
Wanadadi,2019,Bawang Merah (ton) 2019,0
Wanadadi,2019,Cabai Besar (ton) 2019,5
Wanadadi,2019,Kentang (ton) 2019,0
Wanadadi,2019,Kubis (ton) 2019,0
Wanadadi,2019,Petsai (ton) 2019,0
Wanadadi,2019,Tomat (ton) 2019,0
Wanadadi,2019,Bawang Putih (ton) 2019,0
Wanadadi,2019,Cabai Rawit (ton) 2019,3.8
Wanadadi,2020,Bawang Merah (ton) 2020,0
Wanadadi,2020,Cabai Besar (ton) 2020,2.8
Wanadadi,2020,Kentang (ton) 2020,0
Wanadadi,2020,Kubis (ton) 2020,0
Wanadadi,2020,Petsai (ton) 2020,0
Wanadadi,2020,Tomat (ton) 2020,29.1
Wanadadi,2020,Bawang Putih (ton) 2020,0
Wanadadi,2020,Cabai Rawit (ton) 2020,7.8
Wanadadi,2021,Bawang Merah (ton) 2021,0
Wanadadi,2021,Cabai Besar (ton) 2021,0
Wanadadi,2021,Kentang (ton) 2021,0
Wanadadi,2021,Kubis (ton) 2021,0
Wanadadi,2021,Petsai (ton) 2021,0
Wanadadi,2021,Tomat (ton) 2021,40.1
Wanadadi,2021,Bawang Putih (ton) 2021,0
Wanadadi,2021,Cabai Rawit (ton) 2021,14.8
Wanadadi,2022,Bawang Merah (ton) 2022,0
Wanadadi,2022,Cabai Besar (ton) 2022,0
Wanadadi,2022,Kentang (ton) 2022,0
Wanadadi,2022,Kubis (ton) 2022,0
Wanadadi,2022,Petsai (ton) 2022,0
Wanadadi,2022,Tomat (ton) 2022,43.2
Wanadadi,2022,Bawang Putih (ton) 2022,0
Wanadadi,2022,Cabai Rawit (ton) 2022,20.5
Wanadadi,2023,Bawang Merah (ton) 2023,0
Wanadadi,2023,Cabai Besar (ton) 2023,1.2
Wanadadi,2023,Kentang (ton) 2023,0
Wanadadi,2023,Kubis (ton) 2023,0
Wanadadi,2023,Petsai (ton) 2023,0
Wanadadi,2023,Tomat (ton) 2023,35.1
Wanadadi,2023,Bawang Putih (ton) 2023,0
Wanadadi,2023,Cabai Rawit (ton) 2023,18.5
Wanadadi,2024,Bawang Merah (ton) 2024,0
Wanadadi,2024,Cabai Besar (ton) 2024,2.4
Wanadadi,2024,Kentang (ton) 2024,0
Wanadadi,2024,Kubis (ton) 2024,0
Wanadadi,2024,Petsai (ton) 2024,0
Wanadadi,2024,Tomat (ton) 2024,35.2
Wanadadi,2024,Bawang Putih (ton) 2024,0
Wanadadi,2024,Cabai Rawit (ton) 2024,16.1
Rakit,2017,Bawang Merah (ton) 2017,0
Rakit,2017,Cabai Besar (ton) 2017,0
Rakit,2017,Kentang (ton) 2017,0
Rakit,2017,Kubis (ton) 2017,0
Rakit,2017,Petsai (ton) 2017,0
Rakit,2017,Tomat (ton) 2017,0
Rakit,2017,Bawang Putih (ton) 2017,0
Rakit,2017,Cabai Rawit (ton) 2017,0
Rakit,2018,Bawang Merah (ton) 2018,0
Rakit,2018,Cabai Besar (ton) 2018,62
Rakit,2018,Kentang (ton) 2018,0
Rakit,2018,Kubis (ton) 2018,0
Rakit,2018,Petsai (ton) 2018,0
Rakit,2018,Tomat (ton) 2018,0
Rakit,2018,Bawang Putih (ton) 2018,0
Rakit,2018,Cabai Rawit (ton) 2018,3
Rakit,2019,Bawang Merah (ton) 2019,0
Rakit,2019,Cabai Besar (ton) 2019,47.7
Rakit,2019,Kentang (ton) 2019,0
Rakit,2019,Kubis (ton) 2019,0
Rakit,2019,Petsai (ton) 2019,0
Rakit,2019,Tomat (ton) 2019,0
Rakit,2019,Bawang Putih (ton) 2019,0
Rakit,2019,Cabai Rawit (ton) 2019,19.2
Rakit,2020,Bawang Merah (ton) 2020,8.9
Rakit,2020,Cabai Besar (ton) 2020,30
Rakit,2020,Kentang (ton) 2020,0
Rakit,2020,Kubis (ton) 2020,0
Rakit,2020,Petsai (ton) 2020,0.8
Rakit,2020,Tomat (ton) 2020,0
Rakit,2020,Bawang Putih (ton) 2020,0
Rakit,2020,Cabai Rawit (ton) 2020,13.8
Rakit,2021,Bawang Merah (ton) 2021,0
Rakit,2021,Cabai Besar (ton) 2021,51.4
Rakit,2021,Kentang (ton) 2021,0
Rakit,2021,Kubis (ton) 2021,0
Rakit,2021,Petsai (ton) 2021,0.1
Rakit,2021,Tomat (ton) 2021,0
Rakit,2021,Bawang Putih (ton) 2021,0
Rakit,2021,Cabai Rawit (ton) 2021,7.9
Rakit,2022,Bawang Merah (ton) 2022,0
Rakit,2022,Cabai Besar (ton) 2022,47.5
Rakit,2022,Kentang (ton) 2022,0
Rakit,2022,Kubis (ton) 2022,0
Rakit,2022,Petsai (ton) 2022,0
Rakit,2022,Tomat (ton) 2022,27.6
Rakit,2022,Bawang Putih (ton) 2022,0
Rakit,2022,Cabai Rawit (ton) 2022,0
Rakit,2023,Bawang Merah (ton) 2023,0
Rakit,2023,Cabai Besar (ton) 2023,25.11
Rakit,2023,Kentang (ton) 2023,0
Rakit,2023,Kubis (ton) 2023,0
Rakit,2023,Petsai (ton) 2023,0
Rakit,2023,Tomat (ton) 2023,14.4
Rakit,2023,Bawang Putih (ton) 2023,0
Rakit,2023,Cabai Rawit (ton) 2023,12.56
Rakit,2024,Bawang Merah (ton) 2024,0
Rakit,2024,Cabai Besar (ton) 2024,33.13
Rakit,2024,Kentang (ton) 2024,0
Rakit,2024,Kubis (ton) 2024,0
Rakit,2024,Petsai (ton) 2024,0
Rakit,2024,Tomat (ton) 2024,9.76
Rakit,2024,Bawang Putih (ton) 2024,0
Rakit,2024,Cabai Rawit (ton) 2024,11.84
Punggelan,2017,Bawang Merah (ton) 2017,0
Punggelan,2017,Cabai Besar (ton) 2017,0
Punggelan,2017,Kentang (ton) 2017,0
Punggelan,2017,Kubis (ton) 2017,0
Punggelan,2017,Petsai (ton) 2017,0
Punggelan,2017,Tomat (ton) 2017,0
Punggelan,2017,Bawang Putih (ton) 2017,0
Punggelan,2017,Cabai Rawit (ton) 2017,0
Punggelan,2018,Bawang Merah (ton) 2018,0
Punggelan,2018,Cabai Besar (ton) 2018,0
Punggelan,2018,Kentang (ton) 2018,0
Punggelan,2018,Kubis (ton) 2018,0
Punggelan,2018,Petsai (ton) 2018,0
Punggelan,2018,Tomat (ton) 2018,0
Punggelan,2018,Bawang Putih (ton) 2018,0
Punggelan,2018,Cabai Rawit (ton) 2018,0
Punggelan,2019,Bawang Merah (ton) 2019,0
Punggelan,2019,Cabai Besar (ton) 2019,0
Punggelan,2019,Kentang (ton) 2019,0
Punggelan,2019,Kubis (ton) 2019,0
Punggelan,2019,Petsai (ton) 2019,0
Punggelan,2019,Tomat (ton) 2019,0
Punggelan,2019,Bawang Putih (ton) 2019,0
Punggelan,2019,Cabai Rawit (ton) 2019,0
Punggelan,2020,Bawang Merah (ton) 2020,0
Punggelan,2020,Cabai Besar (ton) 2020,0
Punggelan,2020,Kentang (ton) 2020,0
Punggelan,2020,Kubis (ton) 2020,0
Punggelan,2020,Petsai (ton) 2020,0
Punggelan,2020,Tomat (ton) 2020,0
Punggelan,2020,Bawang Putih (ton) 2020,0
Punggelan,2020,Cabai Rawit (ton) 2020,0
Punggelan,2021,Bawang Merah (ton) 2021,0
Punggelan,2021,Cabai Besar (ton) 2021,1.4
Punggelan,2021,Kentang (ton) 2021,0
Punggelan,2021,Kubis (ton) 2021,0
Punggelan,2021,Petsai (ton) 2021,0
Punggelan,2021,Tomat (ton) 2021,0
Punggelan,2021,Bawang Putih (ton) 2021,0
Punggelan,2021,Cabai Rawit (ton) 2021,2.2
Punggelan,2022,Bawang Merah (ton) 2022,0
Punggelan,2022,Cabai Besar (ton) 2022,0
Punggelan,2022,Kentang (ton) 2022,0
Punggelan,2022,Kubis (ton) 2022,0
Punggelan,2022,Petsai (ton) 2022,0
Punggelan,2022,Tomat (ton) 2022,0
Punggelan,2022,Bawang Putih (ton) 2022,0
Punggelan,2022,Cabai Rawit (ton) 2022,5.9
Punggelan,2023,Bawang Merah (ton) 2023,0
Punggelan,2023,Cabai Besar (ton) 2023,0
Punggelan,2023,Kentang (ton) 2023,0
Punggelan,2023,Kubis (ton) 2023,0
Punggelan,2023,Petsai (ton) 2023,0
Punggelan,2023,Tomat (ton) 2023,0
Punggelan,2023,Bawang Putih (ton) 2023,0
Punggelan,2023,Cabai Rawit (ton) 2023,5.2
Punggelan,2024,Bawang Merah (ton) 2024,0
Punggelan,2024,Cabai Besar (ton) 2024,0
Punggelan,2024,Kentang (ton) 2024,0
Punggelan,2024,Kubis (ton) 2024,0
Punggelan,2024,Petsai (ton) 2024,0
Punggelan,2024,Tomat (ton) 2024,90
Punggelan,2024,Bawang Putih (ton) 2024,0
Punggelan,2024,Cabai Rawit (ton) 2024,46
Karangkobar,2017,Bawang Merah (ton) 2017,0
Karangkobar,2017,Cabai Besar (ton) 2017,0
Karangkobar,2017,Kentang (ton) 2017,0
Karangkobar,2017,Kubis (ton) 2017,5997.6
Karangkobar,2017,Petsai (ton) 2017,0
Karangkobar,2017,Tomat (ton) 2017,2159.6
Karangkobar,2017,Bawang Putih (ton) 2017,0
Karangkobar,2017,Cabai Rawit (ton) 2017,0
Karangkobar,2018,Bawang Merah (ton) 2018,0
Karangkobar,2018,Cabai Besar (ton) 2018,1018.4
Karangkobar,2018,Kentang (ton) 2018,0
Karangkobar,2018,Kubis (ton) 2018,5100
Karangkobar,2018,Petsai (ton) 2018,0
Karangkobar,2018,Tomat (ton) 2018,1270
Karangkobar,2018,Bawang Putih (ton) 2018,0
Karangkobar,2018,Cabai Rawit (ton) 2018,160
Karangkobar,2019,Bawang Merah (ton) 2019,0
Karangkobar,2019,Cabai Besar (ton) 2019,335
Karangkobar,2019,Kentang (ton) 2019,0
Karangkobar,2019,Kubis (ton) 2019,2270
Karangkobar,2019,Petsai (ton) 2019,351
Karangkobar,2019,Tomat (ton) 2019,1191
Karangkobar,2019,Bawang Putih (ton) 2019,115
Karangkobar,2019,Cabai Rawit (ton) 2019,1166.2
Karangkobar,2020,Bawang Merah (ton) 2020,0
Karangkobar,2020,Cabai Besar (ton) 2020,298
Karangkobar,2020,Kentang (ton) 2020,0
Karangkobar,2020,Kubis (ton) 2020,2835
Karangkobar,2020,Petsai (ton) 2020,360
Karangkobar,2020,Tomat (ton) 2020,440
Karangkobar,2020,Bawang Putih (ton) 2020,0
Karangkobar,2020,Cabai Rawit (ton) 2020,453.2
Karangkobar,2021,Bawang Merah (ton) 2021,0
Karangkobar,2021,Cabai Besar (ton) 2021,210
Karangkobar,2021,Kentang (ton) 2021,0
Karangkobar,2021,Kubis (ton) 2021,1605
Karangkobar,2021,Petsai (ton) 2021,148
Karangkobar,2021,Tomat (ton) 2021,480
Karangkobar,2021,Bawang Putih (ton) 2021,0
Karangkobar,2021,Cabai Rawit (ton) 2021,212
Karangkobar,2022,Bawang Merah (ton) 2022,0
Karangkobar,2022,Cabai Besar (ton) 2022,566.3
Karangkobar,2022,Kentang (ton) 2022,0
Karangkobar,2022,Kubis (ton) 2022,1497
Karangkobar,2022,Petsai (ton) 2022,285
Karangkobar,2022,Tomat (ton) 2022,762.6
Karangkobar,2022,Bawang Putih (ton) 2022,0
Karangkobar,2022,Cabai Rawit (ton) 2022,428
Karangkobar,2023,Bawang Merah (ton) 2023,0
Karangkobar,2023,Cabai Besar (ton) 2023,1152.5
Karangkobar,2023,Kentang (ton) 2023,0
Karangkobar,2023,Kubis (ton) 2023,930
Karangkobar,2023,Petsai (ton) 2023,261
Karangkobar,2023,Tomat (ton) 2023,1044
Karangkobar,2023,Bawang Putih (ton) 2023,0
Karangkobar,2023,Cabai Rawit (ton) 2023,642
Karangkobar,2024,Bawang Merah (ton) 2024,0
Karangkobar,2024,Cabai Besar (ton) 2024,899.5
Karangkobar,2024,Kentang (ton) 2024,0
Karangkobar,2024,Kubis (ton) 2024,810
Karangkobar,2024,Petsai (ton) 2024,276
Karangkobar,2024,Tomat (ton) 2024,825
Karangkobar,2024,Bawang Putih (ton) 2024,0
Karangkobar,2024,Cabai Rawit (ton) 2024,442
Pagentan,2017,Bawang Merah (ton) 2017,0
Pagentan,2017,Cabai Besar (ton) 2017,0
Pagentan,2017,Kentang (ton) 2017,0
Pagentan,2017,Kubis (ton) 2017,1687.5
Pagentan,2017,Petsai (ton) 2017,0
Pagentan,2017,Tomat (ton) 2017,141.6
Pagentan,2017,Bawang Putih (ton) 2017,0
Pagentan,2017,Cabai Rawit (ton) 2017,0
Pagentan,2018,Bawang Merah (ton) 2018,0
Pagentan,2018,Cabai Besar (ton) 2018,581.6
Pagentan,2018,Kentang (ton) 2018,0
Pagentan,2018,Kubis (ton) 2018,2340
Pagentan,2018,Petsai (ton) 2018,0
Pagentan,2018,Tomat (ton) 2018,52.8
Pagentan,2018,Bawang Putih (ton) 2018,0
Pagentan,2018,Cabai Rawit (ton) 2018,582
Pagentan,2019,Bawang Merah (ton) 2019,0
Pagentan,2019,Cabai Besar (ton) 2019,273.6
Pagentan,2019,Kentang (ton) 2019,0
Pagentan,2019,Kubis (ton) 2019,2190
Pagentan,2019,Petsai (ton) 2019,287
Pagentan,2019,Tomat (ton) 2019,46.4
Pagentan,2019,Bawang Putih (ton) 2019,88
Pagentan,2019,Cabai Rawit (ton) 2019,1476.4
Pagentan,2020,Bawang Merah (ton) 2020,0
Pagentan,2020,Cabai Besar (ton) 2020,377.5
Pagentan,2020,Kentang (ton) 2020,0
Pagentan,2020,Kubis (ton) 2020,3400
Pagentan,2020,Petsai (ton) 2020,420
Pagentan,2020,Tomat (ton) 2020,117.5
Pagentan,2020,Bawang Putih (ton) 2020,162
Pagentan,2020,Cabai Rawit (ton) 2020,2880.2
Pagentan,2021,Bawang Merah (ton) 2021,0
Pagentan,2021,Cabai Besar (ton) 2021,5332.1
Pagentan,2021,Kentang (ton) 2021,0
Pagentan,2021,Kubis (ton) 2021,2655
Pagentan,2021,Petsai (ton) 2021,420
Pagentan,2021,Tomat (ton) 2021,235.8
Pagentan,2021,Bawang Putih (ton) 2021,288
Pagentan,2021,Cabai Rawit (ton) 2021,1332.5
Pagentan,2022,Bawang Merah (ton) 2022,0
Pagentan,2022,Cabai Besar (ton) 2022,1521.9
Pagentan,2022,Kentang (ton) 2022,0
Pagentan,2022,Kubis (ton) 2022,1995
Pagentan,2022,Petsai (ton) 2022,403.7
Pagentan,2022,Tomat (ton) 2022,377
Pagentan,2022,Bawang Putih (ton) 2022,0
Pagentan,2022,Cabai Rawit (ton) 2022,2716.8
Pagentan,2023,Bawang Merah (ton) 2023,0
Pagentan,2023,Cabai Besar (ton) 2023,5288.7
Pagentan,2023,Kentang (ton) 2023,0
Pagentan,2023,Kubis (ton) 2023,5000
Pagentan,2023,Petsai (ton) 2023,155.3
Pagentan,2023,Tomat (ton) 2023,252
Pagentan,2023,Bawang Putih (ton) 2023,0
Pagentan,2023,Cabai Rawit (ton) 2023,3967.2
Pagentan,2024,Bawang Merah (ton) 2024,0
Pagentan,2024,Cabai Besar (ton) 2024,3492.8
Pagentan,2024,Kentang (ton) 2024,0
Pagentan,2024,Kubis (ton) 2024,3760
Pagentan,2024,Petsai (ton) 2024,266.2
Pagentan,2024,Tomat (ton) 2024,588
Pagentan,2024,Bawang Putih (ton) 2024,0
Pagentan,2024,Cabai Rawit (ton) 2024,2035.2
Pejawaran,2017,Bawang Merah (ton) 2017,0
Pejawaran,2017,Cabai Besar (ton) 2017,0
Pejawaran,2017,Kentang (ton) 2017,36542.5
Pejawaran,2017,Kubis (ton) 2017,10148.1
Pejawaran,2017,Petsai (ton) 2017,0
Pejawaran,2017,Tomat (ton) 2017,3772.8
Pejawaran,2017,Bawang Putih (ton) 2017,0
Pejawaran,2017,Cabai Rawit (ton) 2017,0
Pejawaran,2018,Bawang Merah (ton) 2018,0
Pejawaran,2018,Cabai Besar (ton) 2018,6174.4
Pejawaran,2018,Kentang (ton) 2018,44164.8
Pejawaran,2018,Kubis (ton) 2018,11611.7
Pejawaran,2018,Petsai (ton) 2018,0
Pejawaran,2018,Tomat (ton) 2018,2106.5
Pejawaran,2018,Bawang Putih (ton) 2018,0
Pejawaran,2018,Cabai Rawit (ton) 2018,1113
Pejawaran,2019,Bawang Merah (ton) 2019,0
Pejawaran,2019,Cabai Besar (ton) 2019,4926.6
Pejawaran,2019,Kentang (ton) 2019,43406.6
Pejawaran,2019,Kubis (ton) 2019,10908.5
Pejawaran,2019,Petsai (ton) 2019,4474.7
Pejawaran,2019,Tomat (ton) 2019,7028.9
Pejawaran,2019,Bawang Putih (ton) 2019,322
Pejawaran,2019,Cabai Rawit (ton) 2019,6546.7
Pejawaran,2020,Bawang Merah (ton) 2020,0
Pejawaran,2020,Cabai Besar (ton) 2020,6159.8
Pejawaran,2020,Kentang (ton) 2020,49806.5
Pejawaran,2020,Kubis (ton) 2020,27965
Pejawaran,2020,Petsai (ton) 2020,4256
Pejawaran,2020,Tomat (ton) 2020,9059.4
Pejawaran,2020,Bawang Putih (ton) 2020,269
Pejawaran,2020,Cabai Rawit (ton) 2020,7651.5
Pejawaran,2021,Bawang Merah (ton) 2021,0
Pejawaran,2021,Cabai Besar (ton) 2021,5215.1
Pejawaran,2021,Kentang (ton) 2021,46508
Pejawaran,2021,Kubis (ton) 2021,14053
Pejawaran,2021,Petsai (ton) 2021,3769.5
Pejawaran,2021,Tomat (ton) 2021,7509.7
Pejawaran,2021,Bawang Putih (ton) 2021,279
Pejawaran,2021,Cabai Rawit (ton) 2021,4601.4
Pejawaran,2022,Bawang Merah (ton) 2022,0
Pejawaran,2022,Cabai Besar (ton) 2022,5656.8
Pejawaran,2022,Kentang (ton) 2022,44278
Pejawaran,2022,Kubis (ton) 2022,12985
Pejawaran,2022,Petsai (ton) 2022,4644
Pejawaran,2022,Tomat (ton) 2022,9228.4
Pejawaran,2022,Bawang Putih (ton) 2022,0
Pejawaran,2022,Cabai Rawit (ton) 2022,5259.6
Pejawaran,2023,Bawang Merah (ton) 2023,0
Pejawaran,2023,Cabai Besar (ton) 2023,6858.2
Pejawaran,2023,Kentang (ton) 2023,24947
Pejawaran,2023,Kubis (ton) 2023,13780
Pejawaran,2023,Petsai (ton) 2023,3348
Pejawaran,2023,Tomat (ton) 2023,12885
Pejawaran,2023,Bawang Putih (ton) 2023,0
Pejawaran,2023,Cabai Rawit (ton) 2023,8138.3
Pejawaran,2024,Bawang Merah (ton) 2024,0
Pejawaran,2024,Cabai Besar (ton) 2024,2694.7
Pejawaran,2024,Kentang (ton) 2024,25194
Pejawaran,2024,Kubis (ton) 2024,4800
Pejawaran,2024,Petsai (ton) 2024,1692
Pejawaran,2024,Tomat (ton) 2024,16553.4
Pejawaran,2024,Bawang Putih (ton) 2024,0
Pejawaran,2024,Cabai Rawit (ton) 2024,3629.9
Batur,2017,Bawang Merah (ton) 2017,0
Batur,2017,Cabai Besar (ton) 2017,0
Batur,2017,Kentang (ton) 2017,79393.4
Batur,2017,Kubis (ton) 2017,36047.5
Batur,2017,Petsai (ton) 2017,0
Batur,2017,Tomat (ton) 2017,0
Batur,2017,Bawang Putih (ton) 2017,0
Batur,2017,Cabai Rawit (ton) 2017,0
Batur,2018,Bawang Merah (ton) 2018,44.4
Batur,2018,Cabai Besar (ton) 2018,0
Batur,2018,Kentang (ton) 2018,72574.5
Batur,2018,Kubis (ton) 2018,47245
Batur,2018,Petsai (ton) 2018,0
Batur,2018,Tomat (ton) 2018,0
Batur,2018,Bawang Putih (ton) 2018,0
Batur,2018,Cabai Rawit (ton) 2018,0
Batur,2019,Bawang Merah (ton) 2019,3.8
Batur,2019,Cabai Besar (ton) 2019,0
Batur,2019,Kentang (ton) 2019,65216
Batur,2019,Kubis (ton) 2019,60134.5
Batur,2019,Petsai (ton) 2019,0
Batur,2019,Tomat (ton) 2019,0
Batur,2019,Bawang Putih (ton) 2019,0
Batur,2019,Cabai Rawit (ton) 2019,0
Batur,2020,Bawang Merah (ton) 2020,41.8
Batur,2020,Cabai Besar (ton) 2020,0
Batur,2020,Kentang (ton) 2020,73473.4
Batur,2020,Kubis (ton) 2020,41480
Batur,2020,Petsai (ton) 2020,0
Batur,2020,Tomat (ton) 2020,0
Batur,2020,Bawang Putih (ton) 2020,409.5
Batur,2020,Cabai Rawit (ton) 2020,0
Batur,2021,Bawang Merah (ton) 2021,0
Batur,2021,Cabai Besar (ton) 2021,0
Batur,2021,Kentang (ton) 2021,66684
Batur,2021,Kubis (ton) 2021,25486
Batur,2021,Petsai (ton) 2021,0
Batur,2021,Tomat (ton) 2021,0
Batur,2021,Bawang Putih (ton) 2021,0
Batur,2021,Cabai Rawit (ton) 2021,0
Batur,2022,Bawang Merah (ton) 2022,0
Batur,2022,Cabai Besar (ton) 2022,0
Batur,2022,Kentang (ton) 2022,82765
Batur,2022,Kubis (ton) 2022,25795
Batur,2022,Petsai (ton) 2022,0
Batur,2022,Tomat (ton) 2022,0
Batur,2022,Bawang Putih (ton) 2022,0
Batur,2022,Cabai Rawit (ton) 2022,0
Batur,2023,Bawang Merah (ton) 2023,0
Batur,2023,Cabai Besar (ton) 2023,0
Batur,2023,Kentang (ton) 2023,55245
Batur,2023,Kubis (ton) 2023,22025
Batur,2023,Petsai (ton) 2023,0
Batur,2023,Tomat (ton) 2023,0
Batur,2023,Bawang Putih (ton) 2023,0
Batur,2024,Bawang Merah (ton) 2024,0
Batur,2024,Cabai Besar (ton) 2024,0
Batur,2024,Kentang (ton) 2024,110300
Batur,2024,Kubis (ton) 2024,16310
Batur,2024,Petsai (ton) 2024,0
Batur,2024,Tomat (ton) 2024,0
Batur,2024,Bawang Putih (ton) 2024,0
Batur,2024,Cabai Rawit (ton) 2024,0
Wanayasa,2017,Bawang Merah (ton) 2017,0
Wanayasa,2017,Cabai Besar (ton) 2017,0
Wanayasa,2017,Kentang (ton) 2017,2412
Wanayasa,2017,Kubis (ton) 2017,3237.9
Wanayasa,2017,Petsai (ton) 2017,0
Wanayasa,2017,Tomat (ton) 2017,39.7
Wanayasa,2017,Bawang Putih (ton) 2017,0
Wanayasa,2017,Cabai Rawit (ton) 2017,0
Wanayasa,2018,Bawang Merah (ton) 2018,0
Wanayasa,2018,Cabai Besar (ton) 2018,57.6
Wanayasa,2018,Kentang (ton) 2018,3136.3
Wanayasa,2018,Kubis (ton) 2018,5494.2
Wanayasa,2018,Petsai (ton) 2018,0
Wanayasa,2018,Tomat (ton) 2018,21.1
Wanayasa,2018,Bawang Putih (ton) 2018,0
Wanayasa,2018,Cabai Rawit (ton) 2018,64
Wanayasa,2019,Bawang Merah (ton) 2019,0
Wanayasa,2019,Cabai Besar (ton) 2019,75.9
Wanayasa,2019,Kentang (ton) 2019,4251.6
Wanayasa,2019,Kubis (ton) 2019,5535.3
Wanayasa,2019,Petsai (ton) 2019,0
Wanayasa,2019,Tomat (ton) 2019,22.9
Wanayasa,2019,Bawang Putih (ton) 2019,70.4
Wanayasa,2019,Cabai Rawit (ton) 2019,64.3
Wanayasa,2020,Bawang Merah (ton) 2020,0
Wanayasa,2020,Cabai Besar (ton) 2020,104.6
Wanayasa,2020,Kentang (ton) 2020,2448.6
Wanayasa,2020,Kubis (ton) 2020,4500
Wanayasa,2020,Petsai (ton) 2020,0
Wanayasa,2020,Tomat (ton) 2020,42.9
Wanayasa,2020,Bawang Putih (ton) 2020,0
Wanayasa,2020,Cabai Rawit (ton) 2020,94.1
Wanayasa,2021,Bawang Merah (ton) 2021,0
Wanayasa,2021,Cabai Besar (ton) 2021,90.3
Wanayasa,2021,Kentang (ton) 2021,2719.9
Wanayasa,2021,Kubis (ton) 2021,5303
Wanayasa,2021,Petsai (ton) 2021,0
Wanayasa,2021,Tomat (ton) 2021,26.7
Wanayasa,2021,Bawang Putih (ton) 2021,0
Wanayasa,2021,Cabai Rawit (ton) 2021,62.1
Wanayasa,2022,Bawang Merah (ton) 2022,0
Wanayasa,2022,Cabai Besar (ton) 2022,831.4
Wanayasa,2022,Kentang (ton) 2022,3777
Wanayasa,2022,Kubis (ton) 2022,5297.5
Wanayasa,2022,Petsai (ton) 2022,804.6
Wanayasa,2022,Tomat (ton) 2022,449.5
Wanayasa,2022,Bawang Putih (ton) 2022,0
Wanayasa,2022,Cabai Rawit (ton) 2022,552
Wanayasa,2023,Bawang Merah (ton) 2023,0
Wanayasa,2023,Cabai Besar (ton) 2023,880.8
Wanayasa,2023,Kentang (ton) 2023,3630
Wanayasa,2023,Kubis (ton) 2023,3240
Wanayasa,2023,Petsai (ton) 2023,500
Wanayasa,2023,Tomat (ton) 2023,560.2
Wanayasa,2023,Bawang Putih (ton) 2023,3
Wanayasa,2023,Cabai Rawit (ton) 2023,302
Wanayasa,2024,Bawang Merah (ton) 2024,0
Wanayasa,2024,Cabai Besar (ton) 2024,809.5
Wanayasa,2024,Kentang (ton) 2024,4035
Wanayasa,2024,Kubis (ton) 2024,4374
Wanayasa,2024,Petsai (ton) 2024,545
Wanayasa,2024,Tomat (ton) 2024,324
Wanayasa,2024,Bawang Putih (ton) 2024,0
Wanayasa,2024,Cabai Rawit (ton) 2024,285.5
Kalibening,2017,Bawang Merah (ton) 2017,0
Kalibening,2017,Cabai Besar (ton) 2017,0
Kalibening,2017,Kentang (ton) 2017,231.8
Kalibening,2017,Kubis (ton) 2017,1183.5
Kalibening,2017,Petsai (ton) 2017,0
Kalibening,2017,Tomat (ton) 2017,212.6
Kalibening,2017,Bawang Putih (ton) 2017,0
Kalibening,2017,Cabai Rawit (ton) 2017,0
Kalibening,2018,Bawang Merah (ton) 2018,0
Kalibening,2018,Cabai Besar (ton) 2018,250
Kalibening,2018,Kentang (ton) 2018,221.2
Kalibening,2018,Kubis (ton) 2018,972
Kalibening,2018,Petsai (ton) 2018,0
Kalibening,2018,Tomat (ton) 2018,83.3
Kalibening,2018,Bawang Putih (ton) 2018,0
Kalibening,2018,Cabai Rawit (ton) 2018,67
Kalibening,2019,Bawang Merah (ton) 2019,0
Kalibening,2019,Cabai Besar (ton) 2019,308
Kalibening,2019,Kentang (ton) 2019,624
Kalibening,2019,Kubis (ton) 2019,900
Kalibening,2019,Petsai (ton) 2019,135
Kalibening,2019,Tomat (ton) 2019,156.8
Kalibening,2019,Bawang Putih (ton) 2019,0
Kalibening,2019,Cabai Rawit (ton) 2019,112.2
Kalibening,2020,Bawang Merah (ton) 2020,0
Kalibening,2020,Cabai Besar (ton) 2020,644
Kalibening,2020,Kentang (ton) 2020,364
Kalibening,2020,Kubis (ton) 2020,2975
Kalibening,2020,Petsai (ton) 2020,400
Kalibening,2020,Tomat (ton) 2020,227.9
Kalibening,2020,Bawang Putih (ton) 2020,14
Kalibening,2020,Cabai Rawit (ton) 2020,241.2
Kalibening,2021,Bawang Merah (ton) 2021,0
Kalibening,2021,Cabai Besar (ton) 2021,560
Kalibening,2021,Kentang (ton) 2021,481
Kalibening,2021,Kubis (ton) 2021,1421
Kalibening,2021,Petsai (ton) 2021,175
Kalibening,2021,Tomat (ton) 2021,349.8
Kalibening,2021,Bawang Putih (ton) 2021,0
Kalibening,2021,Cabai Rawit (ton) 2021,156
Kalibening,2022,Bawang Merah (ton) 2022,0
Kalibening,2022,Cabai Besar (ton) 2022,893
Kalibening,2022,Kentang (ton) 2022,267
Kalibening,2022,Kubis (ton) 2022,941
Kalibening,2022,Petsai (ton) 2022,220
Kalibening,2022,Tomat (ton) 2022,266.4
Kalibening,2022,Bawang Putih (ton) 2022,0
Kalibening,2022,Cabai Rawit (ton) 2022,385
Kalibening,2023,Bawang Merah (ton) 2023,0
Kalibening,2023,Cabai Besar (ton) 2023,1326.2
Kalibening,2023,Kentang (ton) 2023,237.4
Kalibening,2023,Kubis (ton) 2023,1135.8
Kalibening,2023,Petsai (ton) 2023,130.3
Kalibening,2023,Tomat (ton) 2023,198.2
Kalibening,2023,Bawang Putih (ton) 2023,0
Kalibening,2023,Cabai Rawit (ton) 2023,597.4
Kalibening,2024,Bawang Merah (ton) 2024,0
Kalibening,2024,Cabai Besar (ton) 2024,1660.6
Kalibening,2024,Kentang (ton) 2024,197
Kalibening,2024,Kubis (ton) 2024,1495
Kalibening,2024,Petsai (ton) 2024,137
Kalibening,2024,Tomat (ton) 2024,226.45
Kalibening,2024,Bawang Putih (ton) 2024,0
Kalibening,2024,Cabai Rawit (ton) 2024,681
Pandanarum,2017,Bawang Merah (ton) 2017,0
Pandanarum,2017,Cabai Besar (ton) 2017,0
Pandanarum,2017,Kentang (ton) 2017,0
Pandanarum,2017,Kubis (ton) 2017,0
Pandanarum,2017,Petsai (ton) 2017,0
Pandanarum,2017,Tomat (ton) 2017,0
Pandanarum,2017,Bawang Putih (ton) 2017,0
Pandanarum,2017,Cabai Rawit (ton) 2017,0
Pandanarum,2018,Bawang Merah (ton) 2018,0
Pandanarum,2018,Cabai Besar (ton) 2018,11.8
Pandanarum,2018,Kentang (ton) 2018,0
Pandanarum,2018,Kubis (ton) 2018,0
Pandanarum,2018,Petsai (ton) 2018,0
Pandanarum,2018,Tomat (ton) 2018,0
Pandanarum,2018,Bawang Putih (ton) 2018,0
Pandanarum,2018,Cabai Rawit (ton) 2018,8
Pandanarum,2019,Bawang Merah (ton) 2019,0
Pandanarum,2019,Cabai Besar (ton) 2019,14.8
Pandanarum,2019,Kentang (ton) 2019,0
Pandanarum,2019,Kubis (ton) 2019,7
Pandanarum,2019,Petsai (ton) 2019,0
Pandanarum,2019,Tomat (ton) 2019,0
Pandanarum,2019,Bawang Putih (ton) 2019,0
Pandanarum,2019,Cabai Rawit (ton) 2019,63.7
Pandanarum,2020,Bawang Merah (ton) 2020,0
Pandanarum,2020,Cabai Besar (ton) 2020,47.1
Pandanarum,2020,Kentang (ton) 2020,0
Pandanarum,2020,Kubis (ton) 2020,0
Pandanarum,2020,Petsai (ton) 2020,0
Pandanarum,2020,Tomat (ton) 2020,0
Pandanarum,2020,Bawang Putih (ton) 2020,0
Pandanarum,2020,Cabai Rawit (ton) 2020,47.1
Pandanarum,2021,Bawang Merah (ton) 2021,0
Pandanarum,2021,Cabai Besar (ton) 2021,16.9
Pandanarum,2021,Kentang (ton) 2021,0
Pandanarum,2021,Kubis (ton) 2021,0
Pandanarum,2021,Petsai (ton) 2021,0
Pandanarum,2021,Tomat (ton) 2021,0
Pandanarum,2021,Bawang Putih (ton) 2021,0
Pandanarum,2021,Cabai Rawit (ton) 2021,18.9
Pandanarum,2022,Bawang Merah (ton) 2022,0
Pandanarum,2022,Cabai Besar (ton) 2022,16.4
Pandanarum,2022,Kentang (ton) 2022,0
Pandanarum,2022,Kubis (ton) 2022,0
Pandanarum,2022,Petsai (ton) 2022,0
Pandanarum,2022,Tomat (ton) 2022,0.7
Pandanarum,2022,Bawang Putih (ton) 2022,0
Pandanarum,2022,Cabai Rawit (ton) 2022,16.9
Pandanarum,2023,Bawang Merah (ton) 2023,0
Pandanarum,2023,Cabai Besar (ton) 2023,34.7
Pandanarum,2023,Kentang (ton) 2023,0
Pandanarum,2023,Kubis (ton) 2023,0
Pandanarum,2023,Petsai (ton) 2023,0
Pandanarum,2023,Tomat (ton) 2023,0
Pandanarum,2023,Bawang Putih (ton) 2023,0
Pandanarum,2023,Cabai Rawit (ton) 2023,18
Pandanarum,2024,Bawang Merah (ton) 2024,0
Pandanarum,2024,Cabai Besar (ton) 2024,1283.4
Pandanarum,2024,Kentang (ton) 2024,0
Pandanarum,2024,Kubis (ton) 2024,0
Pandanarum,2024,Petsai (ton) 2024,0
Pandanarum,2024,Tomat (ton) 2024,0
Pandanarum,2024,Bawang Putih (ton) 2024,0
Pandanarum,2024,Cabai Rawit (ton) 2024,644.8
